sysid,sum_min,num_trip,pct_ttl_num_trips,yroverchange,year,assigned_month
9999,0,0,0,0,2019,1
9999,130286.75,20093,0.011120871,,2019,1
9999,0,0,0,0,2019,1
74,105164.8333,6045,0.003345726,,2019,1
74,106540.7833,7361,1,,2019,1
74,54195.5,3505,1,,2019,1
73,376082,21497,0.011897942,,2019,1
73,0,0,0,0,2019,1
73,0,0,0,0,2019,1
60,1201452.567,105217,0.058234442,,2019,1
60,0,0,0,0,2019,1
60,0,0,0,0,2019,1
58,0,0,0,0,2019,1
58,0,0,0,0,2019,1
58,10075.56667,854,0.000472663,,2019,1
56,0,0,0,0,2019,1
56,1809625.533,151125,0.083643138,,2019,1
56,0,0,0,0,2019,1
54,45231.66,1560,0.000863413,,2019,1
54,0,0,0,0,2019,1
54,0,0,0,0,2019,1
53,0,0,0,0,2019,1
53,0,0,0,0,2019,1
53,169364,9647,0.005339324,,2019,1
43,0,0,0,0,2019,1
43,410739,30490,0.016875297,,2019,1
43,0,0,0,0,2019,1
4,0,0,0,0,2019,1
4,4419965.233,395916,0.219127588,,2019,1
4,0,0,0,0,2019,1
29,0,0,0,0,2019,1
29,0,0,0,0,2019,1
29,23071,1653,0.000914886,,2019,1
25,0,0,0,0,2019,1
25,0,0,0,0,2019,1
25,0,0,0,0,2019,1
3,0,0,0,0,2019,1
3,0,0,0,0,2019,1
3,10985386.5,990657,0.548298827,,2019,1
1,864330.1,72029,0.039865883,,2019,1
1,0,0,0,0,2019,1
1,0,0,0,0,2019,1
9999,0,0,0,0,2019,2
9999,0,0,0,0,2019,2
9999,127831.15,18552,0.010674246,,2019,2
74,39261.8,2590,0.984790875,,2019,2
74,75889,5524,0.996212804,,2019,2
74,66592.36667,4141,0.002382603,,2019,2
73,573,21,0.003787196,,2019,2
73,294160,17782,0.010231212,,2019,2
73,247,40,0.015209125,,2019,2
60,1063214.85,99607,0.057310783,,2019,2
60,0,0,0,0,2019,2
60,0,0,0,0,2019,2
58,0,0,0,0,2019,2
58,0,0,0,0,2019,2
58,11088.63333,919,0.000528764,,2019,2
56,2058437.867,160506,0.092350181,,2019,2
56,0,0,0,0,2019,2
56,0,0,0,0,2019,2
54,41012.22,1567,0.000901603,,2019,2
54,0,0,0,0,2019,2
54,0,0,0,0,2019,2
53,0,0,0,0,2019,2
53,0,0,0,0,2019,2
53,172521,10206,0.005872216,,2019,2
43,0,0,0,0,2019,2
43,0,0,0,0,2019,2
43,398830,28602,0.016456705,,2019,2
4,4003916.267,370554,0.213205295,,2019,2
4,0,0,0,0,2019,2
4,0,0,0,0,2019,2
29,0,0,0,0,2019,2
29,29920,1916,0.001102407,,2019,2
29,0,0,0,0,2019,2
25,0,0,0,0,2019,2
25,0,0,0,0,2019,2
25,0,0,0,0,2019,2
3,0,0,0,0,2019,2
3,0,0,0,0,2019,2
3,10957410.58,943384,0.542793934,,2019,2
1,0,0,0,0,2019,2
1,0,0,0,0,2019,2
1,992612.2167,80279,0.04619005,,2019,2
9999,0,0,0,0,2019,3
9999,0,0,0,0,2019,3
9999,165468.0333,22156,0.009583526,,2019,3
9999,102780.7833,14842,,,2019,3
9999,0,0,0,0,2019,3
9999,0,0,0,0,2019,3
9999,62687.25,7314,,,2019,3
9999,0,0,0,0,2019,3
9999,0,0,0,0,2019,3
74,73819.38333,4085,0.940161105,,2019,3
74,224599.1833,9570,0.004139481,,2019,3
74,167767.5,9678,0.95556872,,2019,3
74,162788.8167,7221,,,2019,3
74,54883.96667,3121,,,2019,3
74,124999.5167,7386,,,2019,3
74,42767.98333,2292,,,2019,3
74,61810.36667,2349,,,2019,3
74,18935.41667,964,,,2019,3
73,3787,260,0.059838895,,2019,3
73,14142,450,0.04443128,,2019,3
73,317025,19802,0.008565309,,2019,3
73,202780,12492,,,2019,3
73,10180,314,,,2019,3
73,3116,179,,,2019,3
73,3962,136,,,2019,3
73,671,81,,,2019,3
73,114245,7310,,,2019,3
60,0,0,0,0,2019,3
60,0,0,0,0,2019,3
60,1964268.717,154504,0.066830343,,2019,3
60,1223813.167,101690,,,2019,3
60,0,0,0,0,2019,3
60,0,0,0,0,2019,3
60,0,0,0,0,2019,3
60,0,0,0,0,2019,3
60,740455.55,52814,,,2019,3
58,0,0,0,0,2019,3
58,0,0,0,0,2019,3
58,25827.96667,1540,0.000666123,,2019,3
58,0,0,0,0,2019,3
58,0,0,0,0,2019,3
58,19360.3,1137,,,2019,3
58,6467.666667,403,,,2019,3
58,0,0,0,0,2019,3
58,0,0,0,0,2019,3
56,0,0,0,0,2019,3
56,3629523.283,233816,0.101136562,,2019,3
56,0,0,0,0,2019,3
56,3629523.283,233816,,,2019,3
56,0,0,0,0,2019,3
56,0,0,0,0,2019,3
56,0,0,0,0,2019,3
56,0,0,0,0,2019,3
56,0,0,0,0,2019,3
54,0,0,0,0,2019,3
54,0,0,0,0,2019,3
54,171550.81,5270,0.002279526,,2019,3
54,171550.81,5270,,,2019,3
54,0,0,0,0,2019,3
54,0,0,0,0,2019,3
54,0,0,0,0,2019,3
54,0,0,0,0,2019,3
54,0,0,0,0,2019,3
53,0,0,0,0,2019,3
53,0,0,0,0,2019,3
53,265982,14369,0.006215277,,2019,3
53,0,0,0,0,2019,3
53,265982,14369,,,2019,3
53,0,0,0,0,2019,3
53,0,0,0,0,2019,3
53,0,0,0,0,2019,3
53,0,0,0,0,2019,3
43,0,0,0,0,2019,3
43,0,0,0,0,2019,3
43,576064,36872,0.015948897,,2019,3
43,0,0,0,0,2019,3
43,0,0,0,0,2019,3
43,576064,36872,,,2019,3
43,0,0,0,0,2019,3
43,0,0,0,0,2019,3
43,0,0,0,0,2019,3
4,0,0,0,0,2019,3
4,0,0,0,0,2019,3
4,5494430.833,472034,0.204177199,,2019,3
4,3475762.133,304434,,,2019,3
4,0,0,0,0,2019,3
4,0,0,0,0,2019,3
4,0,0,0,0,2019,3
4,2018668.7,167600,,,2019,3
4,0,0,0,0,2019,3
29,0,0,0,0,2019,3
29,72288,3261,0.001410538,,2019,3
29,0,0,0,0,2019,3
29,72288,3261,,,2019,3
29,0,0,0,0,2019,3
29,0,0,0,0,2019,3
29,0,0,0,0,2019,3
29,0,0,0,0,2019,3
29,0,0,0,0,2019,3
25,0,0,0,0,2019,3
25,0,0,0,0,2019,3
25,0,0,0,0,2019,3
25,0,0,0,0,2019,3
25,0,0,0,0,2019,3
25,0,0,0,0,2019,3
25,0,0,0,0,2019,3
25,0,0,0,0,2019,3
25,0,0,0,0,2019,3
3,0,0,0,0,2019,3
3,0,0,0,0,2019,3
3,15250229.77,1243697,0.537958219,,2019,3
3,0,0,0,0,2019,3
3,0,0,0,0,2019,3
3,10044375.15,846973,,,2019,3
3,5205854.617,396724,,,2019,3
3,0,0,0,0,2019,3
3,0,0,0,0,2019,3
1,0,0,0,0,2019,3
1,0,0,0,0,2019,3
1,1351115.233,94993,0.041088999,,2019,3
1,972664.9667,71426,,,2019,3
1,0,0,0,0,2019,3
1,0,0,0,0,2019,3
1,0,0,0,0,2019,3
1,378450.2667,23567,,,2019,3
1,0,0,0,0,2019,3
9999,327867.1833,38202,0.010474601,,2019,4
9999,0,0,0,0,2019,4
9999,0,0,0,0,2019,4
9999,315124.7667,37116,,,2019,4
9999,0,0,0,0,2019,4
9999,0,0,0,0,2019,4
9999,0,0,0,0,2019,4
9999,0,0,0,0,2019,4
9999,12742.41667,1086,,,2019,4
74,290757.3833,12966,0.003555146,,2019,4
74,252348,14241,0.960347967,,2019,4
74,131985.05,6883,0.972724703,,2019,4
74,131985.05,6883,,,2019,4
74,252348,14241,,,2019,4
74,290757.3833,12966,,,2019,4
74,0,0,0,0,2019,4
74,0,0,0,0,2019,4
74,0,0,0,0,2019,4
73,16031,588,0.039652033,,2019,4
73,346064,22665,0.006214513,,2019,4
73,2734,193,0.027275297,,2019,4
73,2734,193,,,2019,4
73,16031,588,,,2019,4
73,346064,22665,,,2019,4
73,0,0,0,0,2019,4
73,0,0,0,0,2019,4
73,0,0,0,0,2019,4
60,0,0,0,0,2019,4
60,4814429.1,302312,0.082890882,,2019,4
60,0,0,0,0,2019,4
60,4414194.05,280954,,,2019,4
60,0,0,0,0,2019,4
60,0,0,0,0,2019,4
60,0,0,0,0,2019,4
60,0,0,0,0,2019,4
60,400235.05,21358,,,2019,4
58,86987.98333,3805,0.001043292,,2019,4
58,0,0,0,0,2019,4
58,0,0,0,0,2019,4
58,0,0,0,0,2019,4
58,83979.2,3646,,,2019,4
58,0,0,0,0,2019,4
58,0,0,0,0,2019,4
58,0,0,0,0,2019,4
58,3008.783333,159,,,2019,4
56,6787713.317,394643,0.108207105,,2019,4
56,0,0,0,0,2019,4
56,0,0,0,0,2019,4
56,372070.2,24145,,,2019,4
56,0,0,0,0,2019,4
56,0,0,0,0,2019,4
56,0,0,0,0,2019,4
56,6415643.117,370498,,,2019,4
56,0,0,0,0,2019,4
54,229541.13,7102,0.001947296,,2019,4
54,0,0,0,0,2019,4
54,0,0,0,0,2019,4
54,0,0,0,0,2019,4
54,0,0,0,0,2019,4
54,218254.06,6720,,,2019,4
54,0,0,0,0,2019,4
54,0,0,0,0,2019,4
54,11287.07,382,,,2019,4
53,0,0,0,0,2019,4
53,0,0,0,0,2019,4
53,299808,14688,0.004027301,,2019,4
53,278014,13831,,,2019,4
53,0,0,0,0,2019,4
53,0,0,0,0,2019,4
53,0,0,0,0,2019,4
53,21794,857,,,2019,4
53,0,0,0,0,2019,4
43,1162544,70346,0.019288159,,2019,4
43,0,0,0,0,2019,4
43,0,0,0,0,2019,4
43,0,0,0,0,2019,4
43,1084095,65790,,,2019,4
43,0,0,0,0,2019,4
43,0,0,0,0,2019,4
43,0,0,0,0,2019,4
43,78449,4556,,,2019,4
4,6442105.8,541432,0.14845516,,2019,4
4,0,0,0,0,2019,4
4,0,0,0,0,2019,4
4,0,0,0,0,2019,4
4,6442105.8,541432,,,2019,4
4,0,0,0,0,2019,4
4,0,0,0,0,2019,4
4,0,0,0,0,2019,4
4,0,0,0,0,2019,4
29,0,0,0,0,2019,4
29,191497,7564,0.002073972,,2019,4
29,0,0,0,0,2019,4
29,180814,7102,,,2019,4
29,0,0,0,0,2019,4
29,0,0,0,0,2019,4
29,0,0,0,0,2019,4
29,0,0,0,0,2019,4
29,10683,462,,,2019,4
25,0,0,0,0,2019,4
25,0,0,0,0,2019,4
25,0,0,0,0,2019,4
25,0,0,0,0,2019,4
25,0,0,0,0,2019,4
25,0,0,0,0,2019,4
25,0,0,0,0,2019,4
25,0,0,0,0,2019,4
25,0,0,0,0,2019,4
3,0,0,0,0,2019,4
3,27670056.18,2039360,0.559171815,,2019,4
3,0,0,0,0,2019,4
3,27670056.18,2039360,,,2019,4
3,0,0,0,0,2019,4
3,0,0,0,0,2019,4
3,0,0,0,0,2019,4
3,0,0,0,0,2019,4
3,0,0,0,0,2019,4
1,0,0,0,0,2019,4
1,3081554.967,192023,0.052650758,,2019,4
1,0,0,0,0,2019,4
1,0,0,0,0,2019,4
1,3081554.967,192023,,,2019,4
1,0,0,0,0,2019,4
1,0,0,0,0,2019,4
1,0,0,0,0,2019,4
1,0,0,0,0,2019,4
9999,320134.5,32474,0.010476434,,2019,5
9999,0,0,0,0,2019,5
9999,0,0,0,0,2019,5
9999,320134.5,32474,,,2019,5
9999,0,0,0,0,2019,5
9999,0,0,0,0,2019,5
9999,0,0,0,0,2019,5
9999,0,0,0,0,2019,5
9999,0,0,0,0,2019,5
74,341490.0167,13784,0.004446855,,2019,5
74,158552.5,7448,0.598280986,,2019,5
74,274050.7,14710,0.961563603,,2019,5
74,19419.33333,1014,,,2019,5
74,25419.38333,996,,,2019,5
74,9071.466667,465,,,2019,5
74,149481.0333,6983,,,2019,5
74,254631.3667,13696,,,2019,5
74,316070.6333,12788,,,2019,5
73,275108,18009,0.005809881,,2019,5
73,15222,588,0.038436397,,2019,5
73,4127,280,0.022491766,,2019,5
73,2776,101,,,2019,5
73,962,49,,,2019,5
73,43492,3047,,,2019,5
73,3165,231,,,2019,5
73,231616,14962,,,2019,5
73,12446,487,,,2019,5
60,0,0,0,0,2019,5
60,5954166.667,338289,0.109135376,,2019,5
60,0,0,0,0,2019,5
60,5954166.667,338289,,,2019,5
60,0,0,0,0,2019,5
60,0,0,0,0,2019,5
60,0,0,0,0,2019,5
60,0,0,0,0,2019,5
60,0,0,0,0,2019,5
58,0,0,0,0,2019,5
58,0,0,0,0,2019,5
58,123802.0333,4987,0.001608856,,2019,5
58,123802.0333,4987,,,2019,5
58,0,0,0,0,2019,5
58,0,0,0,0,2019,5
58,0,0,0,0,2019,5
58,0,0,0,0,2019,5
58,0,0,0,0,2019,5
56,4923365.333,300573,0.096967822,,2019,5
56,0,0,0,0,2019,5
56,0,0,0,0,2019,5
56,0,0,0,0,2019,5
56,4482617.283,275933,,,2019,5
56,0,0,0,0,2019,5
56,0,0,0,0,2019,5
56,0,0,0,0,2019,5
56,440748.05,24640,,,2019,5
54,0,0,0,0,2019,5
54,0,0,0,0,2019,5
54,174569.19,5473,0.001765644,,2019,5
54,0,0,0,0,2019,5
54,0,0,0,0,2019,5
54,152708.19,4731,,,2019,5
54,0,0,0,0,2019,5
54,21861,742,,,2019,5
54,0,0,0,0,2019,5
53,0,0,0,0,2019,5
53,190867,9045,0.002918006,,2019,5
53,0,0,0,0,2019,5
53,0,0,0,0,2019,5
53,0,0,0,0,2019,5
53,0,0,0,0,2019,5
53,0,0,0,0,2019,5
53,190867,9045,,,2019,5
53,0,0,0,0,2019,5
43,1070801,62688,0.020223769,,2019,5
43,0,0,0,0,2019,5
43,0,0,0,0,2019,5
43,0,0,0,0,2019,5
43,0,0,0,0,2019,5
43,1070801,62688,,,2019,5
43,0,0,0,0,2019,5
43,0,0,0,0,2019,5
43,0,0,0,0,2019,5
4,0,0,0,0,2019,5
4,0,0,0,0,2019,5
4,3791543,318064,0.102610591,,2019,5
4,0,0,0,0,2019,5
4,0,0,0,0,2019,5
4,750238.0667,65570,,,2019,5
4,3041304.933,252494,,,2019,5
4,0,0,0,0,2019,5
4,0,0,0,0,2019,5
29,239738,8995,0.002901876,,2019,5
29,0,0,0,0,2019,5
29,0,0,0,0,2019,5
29,239738,8995,,,2019,5
29,0,0,0,0,2019,5
29,0,0,0,0,2019,5
29,0,0,0,0,2019,5
29,0,0,0,0,2019,5
29,0,0,0,0,2019,5
25,0,0,0,0,2019,5
25,775100.5667,35771,0.011540078,,2019,5
25,77879.05,4721,0.379227247,,2019,5
25,0,0,0,0,2019,5
25,0,0,0,0,2019,5
25,0,0,0,0,2019,5
25,0,0,0,0,2019,5
25,0,0,0,0,2019,5
25,0,0,0,0,2019,5
3,0,0,0,0,2019,5
3,25502253.98,1746998,0.563598829,,2019,5
3,0,0,0,0,2019,5
3,0,0,0,0,2019,5
3,0,0,0,0,2019,5
3,6962389.65,514510,,,2019,5
3,0,0,0,0,2019,5
3,18539864.33,1232488,,,2019,5
3,0,0,0,0,2019,5
1,3513117.5,204569,0.065995982,,2019,5
1,0,0,0,0,2019,5
1,0,0,0,0,2019,5
1,0,0,0,0,2019,5
1,0,0,0,0,2019,5
1,1652609.117,101037,,,2019,5
1,1860508.383,103532,,,2019,5
1,0,0,0,0,2019,5
1,0,0,0,0,2019,5
9999,0,0,0,0,2019,6
9999,0,0,0,0,2019,6
9999,380005.2667,36514,0.010168235,,2019,6
74,253368.0333,13934,0.840410133,,2019,6
74,117254.95,6174,0.257582711,,2019,6
74,334531.5,14387,0.004006419,,2019,6
73,3739,209,0.008719596,,2019,6
73,18998,688,0.041495778,,2019,6
73,414875,26943,0.007502951,,2019,6
60,0,0,0,0,2019,6
60,8202849.367,444263,0.123716126,,2019,6
60,0,0,0,0,2019,6
58,120091.15,5033,0.001401565,,2019,6
58,0,0,0,0,2019,6
58,0,0,0,0,2019,6
56,0,0,0,0,2019,6
56,0,0,0,0,2019,6
56,5272944.567,323260,0.090019819,,2019,6
54,0,0,0,0,2019,6
54,0,0,0,0,2019,6
54,178484.96,5650,0.001573384,,2019,6
53,141783,6713,0.001869402,,2019,6
53,0,0,0,0,2019,6
53,0,0,0,0,2019,6
43,0,0,0,0,2019,6
43,0,0,0,0,2019,6
43,1306528,77325,0.021533077,,2019,6
4,47168.73333,3428,0.143018065,,2019,6
4,23923.63333,1958,0.118094089,,2019,6
4,4460284.833,361010,0.100532249,,2019,6
29,203347,8008,0.002230028,,2019,6
29,0,0,0,0,2019,6
29,0,0,0,0,2019,6
25,963622.1833,44747,0.01246092,,2019,6
25,0,0,0,0,2019,6
25,266975.1833,14158,0.590679628,,2019,6
3,29067338.72,1979036,0.551111992,,2019,6
3,0,0,0,0,2019,6
3,0,0,0,0,2019,6
1,0,0,0,0,2019,6
1,0,0,0,0,2019,6
1,4571754.15,258098,0.071873833,,2019,6
9999,0,0,0,0,2019,7
9999,499613.05,49894,0.010899539,,2019,7
9999,0,0,0,0,2019,7
74,457913.6333,19275,0.004210699,,2019,7
74,138187.4833,7582,0.063307839,,2019,7
74,335893.9833,18657,0.24730912,,2019,7
73,4855,240,0.002003941,,2019,7
73,553276,34161,0.007462603,,2019,7
73,29836,931,0.012340933,,2019,7
60,12505080.35,626564,0.136875345,,2019,7
60,0,0,0,0,2019,7
60,0,0,0,0,2019,7
58,131556.95,5463,0.001193414,,2019,7
58,0,0,0,0,2019,7
58,0,0,0,0,2019,7
56,0,0,0,0,2019,7
56,6646831.583,398663,0.087089484,,2019,7
56,0,0,0,0,2019,7
54,313631.95,10084,0.002202889,,2019,7
54,0,0,0,0,2019,7
54,0,0,0,0,2019,7
53,0,0,0,0,2019,7
53,0,0,0,0,2019,7
53,191358,8856,0.001934628,,2019,7
43,1664310,98250,0.021463095,,2019,7
43,0,0,0,0,2019,7
43,0,0,0,0,2019,7
4,5145371.933,417580,0.091221976,,2019,7
4,721258.5667,55852,0.740349947,,2019,7
4,1223368.933,84940,0.709228149,,2019,7
29,0,0,0,0,2019,7
29,0,0,0,0,2019,7
29,346679,13442,0.002936457,,2019,7
25,480852.4,27002,0.225460071,,2019,7
25,0,0,0,0,2019,7
25,1252355.233,55932,0.012218563,,2019,7
3,0,0,0,0,2019,7
3,36095579.57,2484086,0.542658256,,2019,7
3,0,0,0,0,2019,7
1,6364091.883,355375,0.077633052,,2019,7
1,0,0,0,0,2019,7
1,0,0,0,0,2019,7
9999,429873.6833,43424,0.011262354,,2019,8
9999,0,0,0,0,2019,8
9999,0,0,0,0,2019,8
74,248805.1,14406,0.933756806,,2019,8
74,104438.6833,6035,0.246376812,,2019,8
74,333429.1,14490,0.003758095,,2019,8
73,28072,1022,0.066243194,,2019,8
73,482227,30741,0.007972919,,2019,8
73,6429,399,0.016289039,,2019,8
60,9827271.05,516241,0.133891143,,2019,8
60,0,0,0,0,2019,8
60,0,0,0,0,2019,8
58,0,0,0,0,2019,8
58,0,0,0,0,2019,8
58,96515.8,4301,0.001115498,,2019,8
56,0,0,0,0,2019,8
56,0,0,0,0,2019,8
56,5096560.033,319446,0.08285082,,2019,8
54,196623.37,7183,0.001862967,,2019,8
54,0,0,0,0,2019,8
54,0,0,0,0,2019,8
53,0,0,0,0,2019,8
53,99405,5235,0.001357738,,2019,8
53,0,0,0,0,2019,8
43,1460867,86810,0.022514853,,2019,8
43,0,0,0,0,2019,8
43,0,0,0,0,2019,8
4,0,0,0,0,2019,8
4,0,0,0,0,2019,8
4,4726678.167,382250,0.099139529,,2019,8
29,0,0,0,0,2019,8
29,0,0,0,0,2019,8
29,268776,10997,0.002852158,,2019,8
25,913502.2,43858,0.011374915,,2019,8
25,0,0,0,0,2019,8
25,306548.0333,18061,0.73733415,,2019,8
3,0,0,0,0,2019,8
3,30642750.27,2090318,0.54214033,,2019,8
3,0,0,0,0,2019,8
1,0,0,0,0,2019,8
1,5242430.6,300383,0.077906681,,2019,8
1,0,0,0,0,2019,8
9999,548463.5167,56429,0.011440067,,2019,9
9999,0,0,0,0,2019,9
9999,0,0,0,0,2019,9
74,208933.45,13195,0.902098858,,2019,9
74,242740.35,11611,0.002353942,,2019,9
74,95331,5806,0.259962389,,2019,9
73,520878,36140,0.0073268,,2019,9
73,10623,745,0.033357213,,2019,9
73,37338,1432,0.097901142,,2019,9
60,0,0,0,0,2019,9
60,0,0,0,0,2019,9
60,9445695.867,555953,0.112710478,,2019,9
58,88253.93333,4405,0.000893042,,2019,9
58,0,0,0,0,2019,9
58,0,0,0,0,2019,9
56,5466703.133,356986,0.072373137,,2019,9
56,0,0,0,0,2019,9
56,0,0,0,0,2019,9
54,0,0,0,0,2019,9
54,0,0,0,0,2019,9
54,279958.37,10536,0.002136004,,2019,9
53,0,0,0,0,2019,9
53,0,0,0,0,2019,9
53,170875,9812,0.001989224,,2019,9
43,0,0,0,0,2019,9
43,1789264,110949,0.022493115,,2019,9
43,0,0,0,0,2019,9
4,6435881.7,514788,0.10436494,,2019,9
4,0,0,0,0,2019,9
4,0,0,0,0,2019,9
29,0,0,0,0,2019,9
29,0,0,0,0,2019,9
29,298695,14220,0.002882875,,2019,9
25,0,0,0,0,2019,9
25,227383.2,15783,0.706680398,,2019,9
25,704340.9833,40179,0.008145642,,2019,9
3,0,0,0,0,2019,9
3,0,0,0,0,2019,9
3,39974960.7,2795750,0.566793091,,2019,9
1,0,0,0,0,2019,9
1,6502659.067,414818,0.08409764,,2019,9
1,0,0,0,0,2019,9
9999,0,0,0,0,2019,10
9999,0,0,0,0,2019,10
9999,310807.2333,37205,0.011142304,,2019,10
74,133177.1333,6946,0.002080216,,2019,10
74,131833.4167,8877,0.927392394,,2019,10
74,67869.93333,4386,0.358773006,,2019,10
73,3471,282,0.023067485,,2019,10
73,435487,27640,0.008277739,,2019,10
73,17742,695,0.072607606,,2019,10
60,0,0,0,0,2019,10
60,0,0,0,0,2019,10
60,4575546.083,312976,0.09373132,,2019,10
58,0,0,0,0,2019,10
58,0,0,0,0,2019,10
58,45683.95,2303,0.000689712,,2019,10
56,0,0,0,0,2019,10
56,4266195.483,292321,0.087545477,,2019,10
56,0,0,0,0,2019,10
54,0,0,0,0,2019,10
54,0,0,0,0,2019,10
54,164091.21,6289,0.001883455,,2019,10
53,0,0,0,0,2019,10
53,0,0,0,0,2019,10
53,137685,7294,0.002184437,,2019,10
43,0,0,0,0,2019,10
43,0,0,0,0,2019,10
43,1039339,68955,0.020650923,,2019,10
4,0,0,0,0,2019,10
4,1114.9,3,0.002617587,,2019,10
4,5183099.933,422986,0.12667756,,2019,10
29,0,0,0,0,2019,10
29,134772,7657,0.002293149,,2019,10
29,0,0,0,0,2019,10
25,96131.45,7525,0.615541922,,2019,10
25,0,0,0,0,2019,10
25,283250.5833,17968,0.005381129,,2019,10
3,0,0,0,0,2019,10
3,0,0,0,0,2019,10
3,25019511.2,1859077,0.556763907,,2019,10
1,0,0,0,0,2019,10
1,3926313.883,269459,0.080698672,,2019,10
1,0,0,0,0,2019,10
9999,0,0,0,0,2019,11
9999,213788.8333,28260,0.012041663,,2019,11
9999,0,0,0,0,2019,11
74,47692.21667,3281,0.66417004,,2019,11
74,101731.0167,5719,0.002436881,,2019,11
74,98427.45,7106,0.887362637,,2019,11
73,320507,23002,0.009801215,,2019,11
73,1843,125,0.025303644,,2019,11
73,11053,406,0.050699301,,2019,11
60,0,0,0,0,2019,11
60,0,0,0,0,2019,11
60,1957895.233,163845,0.069814799,,2019,11
58,0,0,0,0,2019,11
58,0,0,0,0,2019,11
58,13627.68333,1019,0.000434199,,2019,11
56,2587992.533,202561,0.086311791,,2019,11
56,0,0,0,0,2019,11
56,0,0,0,0,2019,11
54,0,0,0,0,2019,11
54,0,0,0,0,2019,11
54,85893.56,3345,0.001425314,,2019,11
53,101310,5102,0.002173976,,2019,11
53,0,0,0,0,2019,11
53,0,0,0,0,2019,11
43,707106,49984,0.021298318,,2019,11
43,0,0,0,0,2019,11
43,0,0,0,0,2019,11
4,26164.43333,1534,0.310526316,,2019,11
4,4046765.5,341138,0.145359827,,2019,11
4,5933,496,0.061938062,,2019,11
29,64651,4283,0.001824998,,2019,11
29,0,0,0,0,2019,11
29,0,0,0,0,2019,11
25,0,0,0,0,2019,11
25,0,0,0,0,2019,11
25,0,0,0,0,2019,11
3,0,0,0,0,2019,11
3,16403536.3,1347424,0.57414102,,2019,11
3,0,0,0,0,2019,11
1,2226147.667,171170,0.072936001,,2019,11
1,0,0,0,0,2019,11
1,0,0,0,0,2019,11
9999,147665.7667,19702,0.011564901,,2019,12
9999,0,0,0,0,2019,12
9999,0,0,0,0,2019,12
74,71988.8,4267,0.002504692,,2019,12
74,37691.3,2528,0.065874505,,2019,12
74,78647.05,5740,0.296717498,,2019,12
73,12826,489,0.02527785,,2019,12
73,313334,22513,0.013214933,,2019,12
73,2079,146,0.003804461,,2019,12
60,1889515.9,154344,0.090598573,,2019,12
60,0,0,0,0,2019,12
60,0,0,0,0,2019,12
58,12742.18333,921,0.000540619,,2019,12
58,0,0,0,0,2019,12
58,0,0,0,0,2019,12
56,0,0,0,0,2019,12
56,2008590.883,161077,0.094550784,,2019,12
56,0,0,0,0,2019,12
54,89646.15,3173,0.001862523,,2019,12
54,0,0,0,0,2019,12
54,0,0,0,0,2019,12
53,108405,4723,0.00277236,,2019,12
53,0,0,0,0,2019,12
53,0,0,0,0,2019,12
43,490339,34420,0.020204238,,2019,12
43,0,0,0,0,2019,12
43,0,0,0,0,2019,12
4,2952805.867,250334,0.14694386,,2019,12
4,456209.2667,35702,0.930321034,,2019,12
4,159930.8,13116,0.678004652,,2019,12
29,0,0,0,0,2019,12
29,42455,2708,0.001589572,,2019,12
29,0,0,0,0,2019,12
25,0,0,0,0,2019,12
25,0,0,0,0,2019,12
25,0,0,0,0,2019,12
3,11001866.42,953531,0.559714323,,2019,12
3,0,0,0,0,2019,12
3,0,0,0,0,2019,12
1,0,0,0,0,2019,12
1,1170153.233,91890,0.053938623,,2019,12
1,0,0,0,0,2019,12
9999,0,0,0,0,2020,1
9999,0,0,0,0,2020,1
9999,201349.9333,26595,0.012539387,0.323595282,2020,1
74,34457.2,2315,0.008469677,-0.339514979,2020,1
74,74621.96667,5622,0.057916967,-0.236245075,2020,1
74,74832.21667,4529,0.002135397,-0.250785773,2020,1
73,23487,786,0.008097249,,2020,1
73,410284,29653,0.013981217,0.379401777,2020,1
73,3213,247,0.000903676,,2020,1
60,0,0,0,0,2020,1
60,0,0,0,0,2020,1
60,1610957.083,145250,0.068484528,0.380480341,2020,1
58,0,0,0,0,2020,1
58,8784.566667,720,0.000339476,-0.156908665,2020,1
58,0,0,0,0,2020,1
56,0,0,0,0,2020,1
56,2510480.033,201842,0.095167326,0.335596361,2020,1
56,0,0,0,0,2020,1
54,0,0,0,0,2020,1
54,0,0,0,0,2020,1
54,77250,3018,0.001422969,0.934615385,2020,1
53,0,0,0,0,2020,1
53,0,0,0,0,2020,1
53,116278,4855,0.002289104,-0.496734736,2020,1
43,0,0,0,0,2020,1
43,611516,42109,0.019854148,0.381075763,2020,1
43,0,0,0,0,2020,1
4,3467798,270766,0.990626646,,2020,1
4,1105765.733,90662,0.933985783,,2020,1
4,3027730.133,253268,0.119414385,-0.360298649,2020,1
29,0,0,0,0,2020,1
29,49031,3199,0.00150831,0.935269208,2020,1
29,0,0,0,0,2020,1
25,0,0,0,0,2020,1
25,0,0,0,0,2020,1
25,0,0,0,0,2020,1
3,0,0,0,0,2020,1
3,0,0,0,0,2020,1
3,14919860.37,1274230,0.600792016,0.28624741,2020,1
1,1705155.9,131649,0.062071736,0.827722167,2020,1
1,0,0,0,0,2020,1
1,0,0,0,0,2020,1
9999,0,0,0,0,2020,2
9999,169922.0333,22283,0.011727364,0.201110392,2020,2
9999,0,0,0,0,2020,2
74,92676.58333,6503,0.049281579,0.177226647,2020,2
74,38034.33333,2559,0.005681629,-0.011969112,2020,2
74,92230.56667,5212,0.002743034,0.25863318,2020,2
73,19843,693,0.005251751,3,2020,2
73,391461,28365,0.014928272,0.595152401,2020,2
73,3943,264,0.000586147,5.6,2020,2
60,1612268.55,133819,0.070427865,0.343469836,2020,2
60,0,0,0,0,2020,2
60,0,0,0,0,2020,2
58,11886.65,774,0.00040735,-0.157780196,2020,2
58,0,0,0,0,2020,2
58,0,0,0,0,2020,2
56,0,0,0,0,2020,2
56,2137639.267,171436,0.09022539,0.068097143,2020,2
56,0,0,0,0,2020,2
54,0,0,0,0,2020,2
54,0,0,0,0,2020,2
54,67210,2537,0.001335203,0.61901723,2020,2
53,0,0,0,0,2020,2
53,125020,5533,0.002911973,-0.457867921,2020,2
53,0,0,0,0,2020,2
43,550651,37923,0.01995857,0.325886302,2020,2
43,0,0,0,0,2020,2
43,0,0,0,0,2020,2
4,2995527.933,250388,0.131777193,-0.324287418,2020,2
4,5739956.167,447576,0.993732224,,2020,2
4,1514064.067,124760,0.945466671,,2020,2
29,46900,2968,0.001562035,0.549060543,2020,2
29,0,0,0,0,2020,2
29,0,0,0,0,2020,2
25,0,0,0,0,2020,2
25,0,0,0,0,2020,2
25,0,0,0,0,2020,2
3,0,0,0,0,2020,2
3,0,0,0,0,2020,2
3,12832732.95,1109465,0.583902518,0.176048142,2020,2
1,0,0,0,0,2020,2
1,0,0,0,0,2020,2
1,1621530.583,129383,0.068093234,0.611666812,2020,2
9999,207768.35,16978,0.01006418,-0.233706445,2020,3
9999,0,0,0,0,2020,3
9999,0,0,0,0,2020,3
9999,50847.93333,2572,,,2020,3
9999,0,0,0,0,2020,3
9999,156920.4167,14406,,,2020,3
9999,0,0,0,0,2020,3
9999,0,0,0,0,2020,3
9999,0,0,0,0,2020,3
74,29182.31667,1673,0.016477239,-0.590452876,2020,3
74,64559.25,4083,0.051874627,-0.578115313,2020,3
74,90563.9,3974,0.002355699,-0.584743992,2020,3
73,2221,75,,,2020,3
73,192040,13842,,,2020,3
73,11066,410,0.005209061,-0.088888889,2020,3
73,456,30,,,2020,3
73,8845,335,,,2020,3
73,2580,189,0.001861445,-0.273076923,2020,3
73,2124,159,,,2020,3
73,94514,5124,,,2020,3
73,286554,18966,0.011242622,-0.042217958,2020,3
60,0,0,0,0,2020,3
60,0,0,0,0,2020,3
60,2097710.983,132789,0.07871436,-0.140546523,2020,3
60,1743257.967,115717,,,2020,3
60,0,0,0,0,2020,3
60,0,0,0,0,2020,3
60,0,0,0,0,2020,3
60,354453.0167,17072,,,2020,3
60,0,0,0,0,2020,3
58,24799.36667,1050,,,2020,3
58,0,0,0,0,2020,3
58,0,0,0,0,2020,3
58,0,0,0,0,2020,3
58,0,0,0,0,2020,3
58,0,0,0,0,2020,3
58,14760.8,412,,,2020,3
58,39560.16667,1462,0.000866641,-0.050649351,2020,3
58,0,0,0,0,2020,3
56,0,0,0,0,2020,3
56,0,0,0,0,2020,3
56,2511919.2,152560,,,2020,3
56,0,0,0,0,2020,3
56,2511919.2,152560,0.090434168,-0.347521128,2020,3
56,0,0,0,0,2020,3
56,0,0,0,0,2020,3
56,0,0,0,0,2020,3
56,0,0,0,0,2020,3
54,0,0,0,0,2020,3
54,163472,5077,0.003009532,-0.036622391,2020,3
54,0,0,0,0,2020,3
54,0,0,0,0,2020,3
54,0,0,0,0,2020,3
54,0,0,0,0,2020,3
54,0,0,0,0,2020,3
54,0,0,0,0,2020,3
54,163472,5077,,,2020,3
53,0,0,0,0,2020,3
53,0,0,0,0,2020,3
53,0,0,0,0,2020,3
53,0,0,0,0,2020,3
53,145775,6336,0.00375584,-0.559050734,2020,3
53,0,0,0,0,2020,3
53,0,0,0,0,2020,3
53,0,0,0,0,2020,3
53,145775,6336,,,2020,3
43,680400,39302,,,2020,3
43,0,0,0,0,2020,3
43,680400,39302,0.02329735,0.065903667,2020,3
43,0,0,0,0,2020,3
43,0,0,0,0,2020,3
43,0,0,0,0,2020,3
43,0,0,0,0,2020,3
43,0,0,0,0,2020,3
43,0,0,0,0,2020,3
4,1002036.167,74216,0.942916312,,2020,3
4,210077,13278,,,2020,3
4,1112055.9,86394,,,2020,3
4,830562.3,64688,,,2020,3
4,1878247.067,153216,,,2020,3
4,171473.8667,9528,,,2020,3
4,2335030.833,176892,0.104857636,-0.625255808,2020,3
4,1322132.9,99672,0.981661315,,2020,3
4,456783.7667,23676,,,2020,3
29,0,0,0,0,2020,3
29,0,0,0,0,2020,3
29,0,0,0,0,2020,3
29,92077,3419,0.002026707,0.048451395,2020,3
29,0,0,0,0,2020,3
29,0,0,0,0,2020,3
29,0,0,0,0,2020,3
29,92077,3419,,,2020,3
29,0,0,0,0,2020,3
25,0,0,0,0,2020,3
25,0,0,0,0,2020,3
25,0,0,0,0,2020,3
25,0,0,0,0,2020,3
25,0,0,0,0,2020,3
25,0,0,0,0,2020,3
25,0,0,0,0,2020,3
25,0,0,0,0,2020,3
25,0,0,0,0,2020,3
3,0,0,0,0,2020,3
3,13420826.97,911480,,,2020,3
3,15556153.12,1024956,0.607571076,-0.175879656,2020,3
3,0,0,0,0,2020,3
3,0,0,0,0,2020,3
3,0,0,0,0,2020,3
3,0,0,0,0,2020,3
3,0,0,0,0,2020,3
3,2135326.15,113476,,,2020,3
1,0,0,0,0,2020,3
1,1684919.217,104262,0.06180419,0.097575611,2020,3
1,0,0,0,0,2020,3
1,0,0,0,0,2020,3
1,0,0,0,0,2020,3
1,0,0,0,0,2020,3
1,0,0,0,0,2020,3
1,208463.3167,8460,,,2020,3
1,1476455.9,95802,,,2020,3
9999,0,0,0,0,2020,4
9999,0,0,0,0,2020,4
9999,199968,10094,,,2020,4
9999,0,0,0,0,2020,4
9999,0,0,0,0,2020,4
9999,36748.73333,1220,,,2020,4
9999,236716.7333,11314,0.008988518,-0.703837495,2020,4
9999,0,0,0,0,2020,4
9999,0,0,0,0,2020,4
74,25943.16667,1111,0.020604982,-0.838587825,2020,4
74,165209.0667,4287,0.003405849,-0.669366034,2020,4
74,65122.01667,2751,0.061003193,-0.806825363,2020,4
73,421486,22248,,,2020,4
73,0,0,0,0,2020,4
73,908,54,0.001001502,-0.720207254,2020,4
73,0,0,0,0,2020,4
73,6576,203,0.004501508,-0.654761905,2020,4
73,421486,22248,0.017675141,-0.018398412,2020,4
73,908,54,,,2020,4
73,6576,203,,,2020,4
73,0,0,0,0,2020,4
60,0,0,0,0,2020,4
60,415284.4667,15697,,,2020,4
60,0,0,0,0,2020,4
60,0,0,0,0,2020,4
60,1813672.05,87376,,,2020,4
60,2228956.517,103073,0.08188735,-0.659050914,2020,4
60,0,0,0,0,2020,4
60,0,0,0,0,2020,4
60,0,0,0,0,2020,4
58,97218.86667,2530,0.002009983,-0.335085414,2020,4
58,24570.26667,633,,,2020,4
58,0,0,0,0,2020,4
58,0,0,0,0,2020,4
58,0,0,0,0,2020,4
58,0,0,0,0,2020,4
58,0,0,0,0,2020,4
58,72648.6,1897,,,2020,4
58,0,0,0,0,2020,4
56,0,0,0,0,2020,4
56,0,0,0,0,2020,4
56,1928688.033,83578,,,2020,4
56,0,0,0,0,2020,4
56,0,0,0,0,2020,4
56,2119868.05,91984,0.073077586,-0.766918455,2020,4
56,0,0,0,0,2020,4
56,0,0,0,0,2020,4
56,191180.0167,8406,,,2020,4
54,0,0,0,0,2020,4
54,0,0,0,0,2020,4
54,87390,2466,,,2020,4
54,41340,1169,,,2020,4
54,0,0,0,0,2020,4
54,0,0,0,0,2020,4
54,0,0,0,0,2020,4
54,128730,3635,0.002887861,-0.488172346,2020,4
54,0,0,0,0,2020,4
53,23229,602,,,2020,4
53,0,0,0,0,2020,4
53,0,0,0,0,2020,4
53,0,0,0,0,2020,4
53,200190,5910,0.004695257,-0.597630719,2020,4
53,0,0,0,0,2020,4
53,0,0,0,0,2020,4
53,176961,5308,,,2020,4
53,0,0,0,0,2020,4
43,0,0,0,0,2020,4
43,0,0,0,0,2020,4
43,136456,4969,,,2020,4
43,850724,37427,,,2020,4
43,0,0,0,0,2020,4
43,987180,42396,0.033681916,-0.397321809,2020,4
43,0,0,0,0,2020,4
43,0,0,0,0,2020,4
43,0,0,0,0,2020,4
4,0,0,0,0,2020,4
4,911663.5667,52754,0.978393516,,2020,4
4,0,0,0,0,2020,4
4,911663.5667,52754,,,2020,4
4,807328.1667,42142,0.934495299,,2020,4
4,807328.1667,42142,,,2020,4
4,2025140.567,99652,0.079169504,-0.81594734,2020,4
4,2025140.567,99652,,,2020,4
4,0,0,0,0,2020,4
29,0,0,0,0,2020,4
29,25396,505,,,2020,4
29,0,0,0,0,2020,4
29,200775,4601,0.003655309,-0.391723956,2020,4
29,0,0,0,0,2020,4
29,0,0,0,0,2020,4
29,175379,4096,,,2020,4
29,0,0,0,0,2020,4
29,0,0,0,0,2020,4
25,0,0,0,0,2020,4
25,0,0,0,0,2020,4
25,0,0,0,0,2020,4
25,0,0,0,0,2020,4
25,0,0,0,0,2020,4
25,0,0,0,0,2020,4
25,0,0,0,0,2020,4
25,0,0,0,0,2020,4
25,0,0,0,0,2020,4
3,0,0,0,0,2020,4
3,0,0,0,0,2020,4
3,16375306.48,812592,,,2020,4
3,16375306.48,812592,0.645571642,-0.601545583,2020,4
3,0,0,0,0,2020,4
3,0,0,0,0,2020,4
3,0,0,0,0,2020,4
3,0,0,0,0,2020,4
3,0,0,0,0,2020,4
1,0,0,0,0,2020,4
1,0,0,0,0,2020,4
1,0,0,0,0,2020,4
1,0,0,0,0,2020,4
1,1372960.05,54495,,,2020,4
1,0,0,0,0,2020,4
1,0,0,0,0,2020,4
1,0,0,0,0,2020,4
1,1372960.05,54495,0.043294084,-0.716205871,2020,4
9999,0,0,0,0,2020,5
9999,0,0,0,0,2020,5
9999,0,0,0,0,2020,5
9999,557114.0167,21034,,,2020,5
9999,0,0,0,0,2020,5
9999,0,0,0,0,2020,5
9999,557114.0167,21034,0.010574584,-0.352281825,2020,5
9999,0,0,0,0,2020,5
9999,0,0,0,0,2020,5
74,203789.45,5315,0.002672051,-0.614408009,2020,5
74,75018.8,3135,0.055610743,-0.786879674,2020,5
74,27354.96667,1106,0.01725779,-0.851503759,2020,5
73,3060,148,0.002309361,-0.471428571,2020,5
73,435244,18402,,,2020,5
73,514871,22160,0.011140666,0.230495863,2020,5
73,12042,336,0.005960194,-0.428571429,2020,5
73,212,8,,,2020,5
73,2848,140,,,2020,5
73,1083,37,,,2020,5
73,10959,299,,,2020,5
73,79627,3758,,,2020,5
60,0,0,0,0,2020,5
60,4283467.033,175688,,,2020,5
60,4283467.033,175688,0.088324974,-0.480657071,2020,5
60,0,0,0,0,2020,5
60,0,0,0,0,2020,5
60,0,0,0,0,2020,5
60,0,0,0,0,2020,5
60,0,0,0,0,2020,5
60,0,0,0,0,2020,5
58,0,0,0,0,2020,5
58,0,0,0,0,2020,5
58,221450.4833,5572,,,2020,5
58,0,0,0,0,2020,5
58,221450.4833,5572,0.002801254,0.117304993,2020,5
58,0,0,0,0,2020,5
58,0,0,0,0,2020,5
58,0,0,0,0,2020,5
58,0,0,0,0,2020,5
56,3133492.15,122240,0.061454651,-0.593310111,2020,5
56,404945.0333,15208,,,2020,5
56,0,0,0,0,2020,5
56,0,0,0,0,2020,5
56,0,0,0,0,2020,5
56,0,0,0,0,2020,5
56,0,0,0,0,2020,5
56,2728547.117,107032,,,2020,5
56,0,0,0,0,2020,5
54,331849,9004,0.00452665,0.645167184,2020,5
54,0,0,0,0,2020,5
54,0,0,0,0,2020,5
54,0,0,0,0,2020,5
54,331849,9004,,,2020,5
54,0,0,0,0,2020,5
54,0,0,0,0,2020,5
54,0,0,0,0,2020,5
54,0,0,0,0,2020,5
53,0,0,0,0,2020,5
53,0,0,0,0,2020,5
53,0,0,0,0,2020,5
53,275422,8068,0.004056087,-0.108015478,2020,5
53,0,0,0,0,2020,5
53,0,0,0,0,2020,5
53,0,0,0,0,2020,5
53,275422,8068,,,2020,5
53,0,0,0,0,2020,5
43,0,0,0,0,2020,5
43,0,0,0,0,2020,5
43,1776588,69341,0.034860332,0.106128765,2020,5
43,0,0,0,0,2020,5
43,0,0,0,0,2020,5
43,1776588,69341,,,2020,5
43,0,0,0,0,2020,5
43,0,0,0,0,2020,5
43,0,0,0,0,2020,5
4,158965.4667,7876,,,2020,5
4,2588776.367,121222,0.060942864,-0.618875446,2020,5
4,182987.6,9752,,,2020,5
4,1144704.533,52868,0.937808209,,2020,5
4,1049770.033,53058,,,2020,5
4,2193053.733,102254,,,2020,5
4,1232757.633,62810,0.980073962,,2020,5
4,985739.0667,44992,,,2020,5
4,395722.6333,18968,,,2020,5
29,0,0,0,0,2020,5
29,0,0,0,0,2020,5
29,376805,7729,,,2020,5
29,0,0,0,0,2020,5
29,0,0,0,0,2020,5
29,376805,7729,0.003885659,-0.140744858,2020,5
29,0,0,0,0,2020,5
29,0,0,0,0,2020,5
29,0,0,0,0,2020,5
25,0,0,0,0,2020,5
25,734473.2833,21175,0.01064547,-0.408040032,2020,5
25,0,0,0,0,2020,5
25,309.9333333,23,0.000358887,-0.995128151,2020,5
25,0,0,0,0,2020,5
25,0,0,0,0,2020,5
25,0,0,0,0,2020,5
25,0,0,0,0,2020,5
25,1289.5,35,0.000620854,,2020,5
3,0,0,0,0,2020,5
3,27571440.73,1293886,0.650485217,-0.259366067,2020,5
3,0,0,0,0,2020,5
3,0,0,0,0,2020,5
3,0,0,0,0,2020,5
3,7130146.683,347011,,,2020,5
3,0,0,0,0,2020,5
3,0,0,0,0,2020,5
3,20441294.05,946875,,,2020,5
1,1282439.2,46870,,,2020,5
1,0,0,0,0,2020,5
1,0,0,0,0,2020,5
1,0,0,0,0,2020,5
1,0,0,0,0,2020,5
1,0,0,0,0,2020,5
1,1593976.933,59805,,,2020,5
1,2876416.133,106675,0.05362954,-0.478537804,2020,5
1,0,0,0,0,2020,5
9999,831316.9167,33655,0.012210985,-0.078298735,2020,6
9999,0,0,0,0,2020,6
9999,0,0,0,0,2020,6
74,86511.35,3996,0.053892216,-0.713219463,2020,6
74,35889.08333,1580,0.020383415,-0.744088111,2020,6
74,171430.5167,5415,0.001964715,-0.623618545,2020,6
73,15413,460,0.006203809,-0.331395349,2020,6
73,369446,16473,0.00597687,-0.388598152,2020,6
73,4082,300,0.003870269,0.435406699,2020,6
60,6714717.9,286346,0.103894417,-0.355458366,2020,6
60,0,0,0,0,2020,6
60,0,0,0,0,2020,6
58,26.21666667,6,8.09192e-05,,2020,6
58,239332.5833,6667,0.002418976,0.324657262,2020,6
58,21.03333333,8,0.000103207,,2020,6
56,55.23333333,14,0.000188812,,2020,6
56,134.95,21,0.000270919,,2020,6
56,4609445.517,189604,0.068793687,-0.413462847,2020,6
54,354558,10546,0.003826387,0.866548673,2020,6
54,0,0,0,0,2020,6
54,0,0,0,0,2020,6
53,0,0,0,0,2020,6
53,0,0,0,0,2020,6
53,272225,8995,0.00326364,0.339937435,2020,6
43,0,0,0,0,2020,6
43,0,0,0,0,2020,6
43,2119193,92142,0.03343172,0.191619787,2020,6
4,1269098.667,67022,0.903894913,33.22982635,2020,6
4,2813996.567,144658,0.052486008,-0.599296418,2020,6
4,1334319.8,73906,0.95345357,20.55950992,2020,6
29,0,0,0,0,2020,6
29,0,0,0,0,2020,6
29,369722,8821,0.003200508,0.101523477,2020,6
25,754602.0667,26161,0.00949195,-0.415357454,2020,6
25,69975.06667,2650,0.035739332,,2020,6
25,45368.76667,1699,0.021918621,-0.879997175,2020,6
3,0,0,0,0,2020,6
3,0,0,0,0,2020,6
3,36596751.48,1745460,0.633302191,-0.11802514,2020,6
1,0,0,0,0,2020,6
1,0,0,0,0,2020,6
1,4278196.733,181182,0.065737947,-0.298010833,2020,6
9999,910550.2333,43381,0.011036701,-0.130536738,2020,7
9999,0,0,0,0,2020,7
9999,0,0,0,0,2020,7
74,50901.6,2280,0.025415227,-0.699287787,2020,7
74,116178.3333,5550,0.056687605,-0.702524522,2020,7
74,232579.9667,7474,0.001901485,-0.612243839,2020,7
73,24031,1435,0.015995987,4.979166667,2020,7
73,431007,18820,0.004788057,-0.44907936,2020,7
73,28747,873,0.008916807,-0.062298604,2020,7
60,1325.9,68,0.000757998,,2020,7
60,14368415.42,588749,0.149785542,-0.060352973,2020,7
60,8298.216667,312,0.003186763,,2020,7
58,283252.4333,8456,0.002151318,0.547867472,2020,7
58,16279.1,479,0.004892498,,2020,7
58,5408.466667,194,0.002162524,,2020,7
56,5205587.633,243998,0.062076322,-0.387959254,2020,7
56,44917.3,2463,0.027455133,,2020,7
56,87774.11667,3717,0.037965375,,2020,7
54,0,0,0,0,2020,7
54,0,0,0,0,2020,7
54,373173,11153,0.002837471,0.10600952,2020,7
53,0,0,0,0,2020,7
53,302790,9486,0.002413364,0.071138211,2020,7
53,0,0,0,0,2020,7
43,0,0,0,0,2020,7
43,2296724,113305,0.028826292,0.153231552,2020,7
43,0,0,0,0,2020,7
4,1375448.433,77028,0.858633374,-0.093148105,2020,7
4,3401140.033,183140,0.046593241,-0.561425356,2020,7
4,1470280.233,80274,0.819917267,0.437262766,2020,7
29,0,0,0,0,2020,7
29,0,0,0,0,2020,7
29,492784,12295,0.003128011,-0.085329564,2020,7
25,165372.2333,6700,0.068433686,,2020,7
25,978361.55,35954,0.009147174,-0.357183723,2020,7
25,147454.8833,6242,0.069579757,-0.768831938,2020,7
3,44184902.22,2372137,0.603503067,-0.045066475,2020,7
3,0,0,0,0,2020,7
3,0,0,0,0,2020,7
1,6001529.45,282265,0.071811954,-0.205726345,2020,7
1,0,0,0,0,2020,7
1,0,0,0,0,2020,7
9999,0,0,0,0,2020,8
9999,747669.7167,37853,0.01120706,-0.12829311,2020,8
9999,0,0,0,0,2020,8
74,157635.15,5305,0.00157064,-0.633885438,2020,8
74,89759.4,4257,0.045579622,-0.704498126,2020,8
74,33755.1,1593,0.020224976,-0.736039768,2020,8
73,288048,13299,0.003937408,-0.567385576,2020,8
73,12480,342,0.003661788,-0.665362035,2020,8
73,3215,207,0.002628104,-0.481203008,2020,8
60,59993.15,2998,0.038063075,,2020,8
60,191735.2833,7422,0.079467221,,2020,8
60,11376741.05,521655,0.154445327,0.01048735,2020,8
58,6542.75,310,0.003935808,,2020,8
58,19604.9,722,0.007730441,,2020,8
58,179674.3,5706,0.001689364,0.326668217,2020,8
56,255643.3667,11483,0.122948275,,2020,8
56,4062974.95,195114,0.057767002,-0.389211322,2020,8
56,153300.4167,8478,0.107638007,,2020,8
54,276611,8250,0.002442561,0.148545176,2020,8
54,0,0,0,0,2020,8
54,0,0,0,0,2020,8
53,252598,8546,0.002530197,0.632473734,2020,8
53,0,0,0,0,2020,8
53,0,0,0,0,2020,8
43,0,0,0,0,2020,8
43,1602846,84512,0.025021295,-0.026471605,2020,8
43,0,0,0,0,2020,8
4,964266.9333,54822,0.696028643,,2020,8
4,1113748.567,61694,0.660556549,,2020,8
4,2619878.4,148848,0.044069122,-0.610600392,2020,8
29,0,0,0,0,2020,8
29,0,0,0,0,2020,8
29,415005,11423,0.003381984,0.038737838,2020,8
25,227418.4333,10356,0.131481387,-0.426609822,2020,8
25,648459.4833,24403,0.007224946,-0.443590679,2020,8
25,164702.1667,7477,0.080056105,,2020,8
3,0,0,0,0,2020,8
3,0,0,0,0,2020,8
3,37331477.33,2059330,0.609701614,-0.014824539,2020,8
1,5008118.05,253359,0.07501148,-0.156546809,2020,8
1,0,0,0,0,2020,8
1,0,0,0,0,2020,8
9999,894840.4,50026,0.011116886,-0.113470024,2020,9
9999,0,0,0,0,2020,9
9999,0,0,0,0,2020,9
73,1712,108,0.001100996,-0.855033557,2020,9
73,5417,175,0.001375829,-0.877793296,2020,9
73,287850,14197,0.003154888,-0.607166574,2020,9
60,201627.4833,11609,0.118346875,,2020,9
60,517903.25,24063,0.189180477,,2020,9
60,11033924.48,557680,0.123928861,0.003106378,2020,9
58,166555.35,5682,0.001262666,0.289897843,2020,9
58,19564.15,697,0.005479732,,2020,9
58,8510.183333,438,0.00446515,,2020,9
56,257691.75,14173,0.144485335,,2020,9
56,5031718.417,249266,0.055392432,-0.301748528,2020,9
56,391647.4333,18423,0.14483946,,2020,9
54,0,0,0,0,2020,9
54,0,0,0,0,2020,9
54,401174,11932,0.002651555,0.132498102,2020,9
53,0,0,0,0,2020,9
53,335821,12695,0.00282111,0.293823889,2020,9
53,0,0,0,0,2020,9
43,2032297,110604,0.024578661,-0.003109537,2020,9
43,0,0,0,0,2020,9
43,0,0,0,0,2020,9
4,3170309.867,190476,0.042327991,-0.629991375,2020,9
4,1015268.6,59482,0.606383738,,2020,9
4,1338543.267,75456,0.593226202,,2020,9
29,0,0,0,0,2020,9
29,386137,12233,0.002718444,-0.139732771,2020,9
29,0,0,0,0,2020,9
25,155144.5667,8102,0.063696972,,2020,9
25,228680.0333,12162,0.123984382,-0.229424064,2020,9
25,495963.9667,20802,0.004622666,-0.482266856,2020,9
3,0,0,0,0,2020,9
3,51235936.8,2906524,0.645894079,0.039622284,2020,9
3,0,0,0,0,2020,9
1,6764120.917,357551,0.07945576,-0.138053315,2020,9
1,0,0,0,0,2020,9
1,0,0,0,0,2020,9
9999,395959.9,26202,0.00879618,-0.29573982,2020,10
9999,0,0,0,0,2020,10
9999,0,0,0,0,2020,10
73,794,34,0.000300717,-0.951079137,2020,10
73,533,4,0.000564729,-0.85106383,2020,10
73,250068,12459,0.004182567,-0.549240232,2020,10
60,217868.1167,14939,0.200868606,,2020,10
60,4992067.483,293846,0.098645995,-0.061122898,2020,10
60,486577.5,27751,0.245447229,,2020,10
58,2802.066667,174,0.00233959,,2020,10
58,8664.716667,386,0.003414026,,2020,10
58,62263.93333,2441,0.000819459,0.059921841,2020,10
56,172433.4167,9315,0.12524875,,2020,10
56,263697.6333,13110,0.115953053,,2020,10
56,3217047.083,172037,0.057753929,-0.411479162,2020,10
54,255374,8021,0.002692701,0.275401495,2020,10
54,0,0,0,0,2020,10
54,0,0,0,0,2020,10
53,267961,10194,0.003422191,0.397587058,2020,10
53,0,0,0,0,2020,10
53,0,0,0,0,2020,10
43,0,0,0,0,2020,10
43,0,0,0,0,2020,10
43,1205235,70898,0.023800915,0.028177797,2020,10
4,774083.7333,45390,0.610310332,1417.4375,2020,10
4,1191508.867,68684,0.607484323,,2020,10
4,2868372.2,178578,0.059949785,-0.577815814,2020,10
29,0,0,0,0,2020,10
29,189312,7023,0.002357666,-0.082800052,2020,10
29,0,0,0,0,2020,10
25,72304.4,4512,0.060667993,-0.400398671,2020,10
25,181705.6,8700,0.002920646,-0.515805877,2020,10
25,51261.21667,3098,0.027400653,,2020,10
3,0,0,0,0,2020,10
3,0,0,0,0,2020,10
3,31998670.55,1974216,0.662757029,0.061933422,2020,10
1,0,0,0,0,2020,10
1,0,0,0,0,2020,10
1,3722167.317,214178,0.071900934,-0.205155515,2020,10
9999,315915.35,20122,0.008309743,-0.287968861,2020,11
9999,0,0,0,0,2020,11
9999,0,0,0,0,2020,11
73,283266,12575,0.005193073,-0.453308408,2020,11
73,1093,39,0.000441806,-0.903940887,2020,11
73,358,4,0.000703223,-0.672,2020,11
60,180045.6,12988,0.222767268,,2020,11
60,372968.9833,21302,0.241316809,,2020,11
60,3563798.433,209276,0.086424296,0.277280356,2020,11
58,45205.46667,1758,0.000725998,0.725220805,2020,11
58,1698.65,101,0.001732329,,2020,11
58,4102.433333,233,0.002639509,,2020,11
56,2665242.6,141624,0.058486183,-0.300832836,2020,11
56,230214.2833,11440,0.129596484,,2020,11
56,154786.0833,8375,0.143646125,,2020,11
54,214836,6252,0.002581876,0.869058296,2020,11
54,0,0,0,0,2020,11
54,0,0,0,0,2020,11
53,273434,10037,0.00414496,0.967267738,2020,11
53,0,0,0,0,2020,11
53,0,0,0,0,2020,11
43,0,0,0,0,2020,11
43,0,0,0,0,2020,11
43,924501,54516,0.022513365,0.090669014,2020,11
4,2350813.967,151680,0.06263899,-0.555370554,2020,11
4,899518.7667,55260,0.626005392,110.4112903,2020,11
4,584892.8,36798,0.631151056,22.98826597,2020,11
29,124712,4579,0.001890981,0.069110437,2020,11
29,0,0,0,0,2020,11
29,0,0,0,0,2020,11
25,0,0,0,0,2020,11
25,0,0,0,0,2020,11
25,0,0,0,0,2020,11
3,25924508.42,1654737,0.683353466,0.228074459,2020,11
3,0,0,0,0,2020,11
3,0,0,0,0,2020,11
1,2600430.25,154339,0.063737072,-0.098329146,2020,11
1,0,0,0,0,2020,11
1,0,0,0,0,2020,11
9999,0,0,0,0,2020,12
9999,155905.0667,11939,0.007579302,-0.394020912,2020,12
9999,0,0,0,0,2020,12
73,874,35,0.000535832,-0.928425358,2020,12
73,137,11,0.000240827,-0.924657534,2020,12
73,232082,10006,0.006352165,-0.555545685,2020,12
60,1616769.967,116006,0.073644737,-0.2483932,2020,12
60,86946.68333,7091,0.155245643,,2020,12
60,156524.4667,10433,0.159723817,,2020,12
58,14214.83333,717,0.000455177,-0.221498371,2020,12
58,1641.283333,103,0.001576877,,2020,12
58,417.8833333,30,0.0006568,,2020,12
56,1426962.067,88673,0.056292776,-0.449499308,2020,12
56,156769.65,8322,0.127405502,,2020,12
56,102059.0667,6412,0.140380068,,2020,12
54,76986,2519,0.001599151,-0.206114088,2020,12
54,0,0,0,0,2020,12
54,0,0,0,0,2020,12
53,0,0,0,0,2020,12
53,217278,7865,0.004992982,0.665255134,2020,12
53,0,0,0,0,2020,12
43,516228,31476,0.019982085,-0.085531668,2020,12
43,0,0,0,0,2020,12
43,0,0,0,0,2020,12
4,769835.1,46426,0.710757972,2.539646234,2020,12
4,509630.3333,32132,0.703476662,-0.099994398,2020,12
4,2022695.3,128744,0.081731273,-0.48571109,2020,12
29,0,0,0,0,2020,12
29,37406,1510,0.000958602,-0.44239291,2020,12
29,0,0,0,0,2020,12
25,0,0,0,0,2020,12
25,0,0,0,0,2020,12
25,0,0,0,0,2020,12
3,15293518.7,1099767,0.698171229,0.153362607,2020,12
3,0,0,0,0,2020,12
3,0,0,0,0,2020,12
1,0,0,0,0,2020,12
1,1161608.583,75989,0.048240521,-0.173043857,2020,12
1,0,0,0,0,2020,12
9999,0,0,0,0,2021,1
9999,0,0,0,0,2021,1
9999,143385.8333,11960,0.00754707,-0.550291408,2021,1
73,76,9,0.0002087,-0.963562753,2021,1
73,747,36,0.00059946,-0.954198473,2021,1
73,349229,14817,0.009349911,-0.500320372,2021,1
60,66046.9,5461,0.126634821,,2021,1
60,1119022.933,85756,0.054114257,-0.409597246,2021,1
60,112870.3667,7710,0.128384454,,2021,1
58,910.2333333,69,0.001148966,,2021,1
58,202.5333333,17,0.000394212,,2021,1
58,9777.8,580,0.000365995,-0.194444444,2021,1
56,100877.15,6265,0.145278731,,2021,1
56,158346.1,8177,0.136160789,,2021,1
56,1432849.567,87836,0.055426791,-0.564827935,2021,1
54,0,0,0,0,2021,1
54,0,0,0,0,2021,1
54,102216,3169,0.001999721,0.050033135,2021,1
53,268992,9946,0.006276184,1.048609681,2021,1
53,0,0,0,0,2021,1
53,0,0,0,0,2021,1
43,0,0,0,0,2021,1
43,525591,33390,0.021069955,-0.207057874,2021,1
43,0,0,0,0,2021,1
4,2118627.933,128418,0.081035084,-0.492956078,2021,1
4,780480.0667,44062,0.733706331,-0.513997044,2021,1
4,524125.8667,31372,0.727483536,-0.884136118,2021,1
29,44539,2163,0.001364909,-0.323851204,2021,1
29,0,0,0,0,2021,1
29,0,0,0,0,2021,1
25,0,0,0,0,2021,1
25,0,0,0,0,2021,1
25,0,0,0,0,2021,1
3,14957086.82,1132901,0.714889877,-0.110913257,2021,1
3,0,0,0,0,2021,1
3,0,0,0,0,2021,1
1,1093969.267,73785,0.046560246,-0.439532393,2021,1
1,0,0,0,0,2021,1
1,0,0,0,0,2021,1
9999,0,0,0,0,2021,2
9999,0,0,0,0,2021,2
9999,64333.43333,4702,0.004790265,-0.78898712,2021,2
73,360856,15540,0.015831715,-0.452141724,2021,2
73,391,16,0.000280048,-0.976911977,2021,2
73,0,0,0,0,2021,2
60,606857.8,39257,0.039993928,-0.70664106,2021,2
60,56144.46667,3324,0.058180036,,2021,2
60,33265.11667,2511,0.0631571,,2021,2
58,7149.416667,342,0.00034842,-0.558139535,2021,2
58,648.5166667,44,0.000770133,,2021,2
58,169.8,14,0.00035213,,2021,2
56,80007.9,5077,0.12769757,,2021,2
56,120034.4667,6589,0.115327394,,2021,2
56,938470.85,64050,0.06525234,-0.62639119,2021,2
54,0,0,0,0,2021,2
54,94126,3053,0.003110311,0.203389831,2021,2
54,0,0,0,0,2021,2
53,184444,7305,0.007442129,0.320260257,2021,2
53,0,0,0,0,2021,2
53,0,0,0,0,2021,2
43,0,0,0,0,2021,2
43,0,0,0,0,2021,2
43,288345,19309,0.019671466,-0.490836695,2021,2
4,2132468.333,134578,0.137104284,-0.462522166,2021,2
4,779616.5,47160,0.825442389,-0.621994229,2021,2
4,513301.1333,32156,0.808793199,-0.928155218,2021,2
29,0,0,0,0,2021,2
29,32832,1776,0.001809339,-0.401617251,2021,2
29,0,0,0,0,2021,2
25,0,0,0,0,2021,2
25,0,0,0,0,2021,2
25,0,0,0,0,2021,2
3,8385164.917,633224,0.645110812,-0.429252838,2021,2
3,0,0,0,0,2021,2
3,0,0,0,0,2021,2
1,0,0,0,0,2021,2
1,812678.9333,58438,0.059534992,-0.548333243,2021,2
1,0,0,0,0,2021,2
9999,0,0,0,0,2021,3
9999,0,0,0,0,2021,3
9999,241208.25,14767,0.007392722,-0.130227353,2021,3
73,58,8,0.000168577,-0.957671958,2021,3
73,710,26,0.000350296,-0.936585366,2021,3
73,371514,14924,0.00747132,-0.213118212,2021,3
60,99866.68333,7042,0.148390088,,2021,3
60,209520.4333,11585,0.156083694,,2021,3
60,3198821.383,175379,0.087799029,0.320734398,2021,3
58,4652.15,194,0.002613745,,2021,3
58,72226.21667,2471,0.001237043,0.690150479,2021,3
58,1417.883333,83,0.001748989,,2021,3
56,141892.9833,8059,0.169820465,,2021,3
56,2408878.217,125086,0.06262112,-0.180086523,2021,3
56,206191.3,10728,0.144537408,,2021,3
54,0,0,0,0,2021,3
54,259808,7750,0.00387984,0.526492023,2021,3
54,0,0,0,0,2021,3
53,0,0,0,0,2021,3
53,0,0,0,0,2021,3
53,400343,14527,0.007272573,1.292771465,2021,3
43,755778,44201,0.022128105,0.124650145,2021,3
43,0,0,0,0,2021,3
43,0,0,0,0,2021,3
4,506054.7333,32264,0.679871881,-0.676298258,2021,3
4,852224.1,51690,0.696414858,-0.303519457,2021,3
4,2244334.333,143876,0.072027855,-0.186644959,2021,3
29,230289,7269,0.00363904,1.126060252,2021,3
29,0,0,0,0,2021,3
29,0,0,0,0,2021,3
25,0,0,0,0,2021,3
25,0,0,0,0,2021,3
25,0,0,0,0,2021,3
3,0,0,0,0,2021,3
3,19824331.1,1325110,0.66338257,0.292845742,2021,3
3,0,0,0,0,2021,3
1,2177343.967,122145,0.061148783,0.171519825,2021,3
1,0,0,0,0,2021,3
1,0,0,0,0,2021,3
9999,0,0,0,0,2021,4
9999,438124.3833,26123,0.00761588,1.308909316,2021,4
9999,0,0,0,0,2021,4
73,1742,63,0.000530241,-0.689655172,2021,4
73,137,11,0.000146059,-0.796296296,2021,4
73,584140,23293,0.006790824,0.046970514,2021,4
60,6511151.883,339941,0.099106141,2.298060598,2021,4
60,482067.9667,26913,0.226513711,,2021,4
60,256525.05,16451,0.218437965,,2021,4
58,7618.35,298,0.002508122,,2021,4
58,107640.4333,3719,0.001084234,0.469960474,2021,4
58,3091.75,159,0.002111217,,2021,4
56,354238.8667,18150,0.152759776,,2021,4
56,4246368.333,209891,0.061191463,1.281820751,2021,4
56,231080.7333,13755,0.182640217,,2021,4
54,0,0,0,0,2021,4
54,0,0,0,0,2021,4
54,443060,13331,0.00388651,2.667400275,2021,4
53,0,0,0,0,2021,4
53,0,0,0,0,2021,4
53,487211,19088,0.005564901,2.229780034,2021,4
43,0,0,0,0,2021,4
43,0,0,0,0,2021,4
43,1261031,74766,0.021797223,0.763515426,2021,4
4,1179903.1,73390,0.617688151,0.741493047,2021,4
4,3261620.467,213202,0.062156749,1.139465339,2021,4
4,711910.8333,44936,0.596664542,-0.148197293,2021,4
29,0,0,0,0,2021,4
29,0,0,0,0,2021,4
29,321525,10297,0.00300198,1.237991741,2021,4
25,0,0,0,0,2021,4
25,0,0,0,0,2021,4
25,0,0,0,0,2021,4
3,35524523.92,2281849,0.665248523,1.808111574,2021,4
3,0,0,0,0,2021,4
3,0,0,0,0,2021,4
1,0,0,0,0,2021,4
1,3909266.15,214570,0.062555575,2.937425452,2021,4
1,0,0,0,0,2021,4
9999,0,0,0,0,2021,5
9999,0,0,0,0,2021,5
9999,675643.8667,40412,0.011057013,0.921270324,2021,5
73,478930,20268,0.00554547,-0.085379061,2021,5
73,141,24,0.00029479,-0.837837838,2021,5
73,1425,77,0.000596747,-0.770833333,2021,5
60,393827.6,25687,0.315510846,,2021,5
60,745174.6,41760,0.323638139,,2021,5
60,7306884.217,377294,0.103230343,1.147522881,2021,5
58,88531.26667,3014,0.000824652,-0.45908112,2021,5
58,8806.016667,342,0.002650485,,2021,5
58,4668.716667,228,0.002800501,,2021,5
56,3441069.85,188274,0.051513116,0.540199607,2021,5
56,324973.4333,17553,0.136034968,,2021,5
56,204562.7833,12652,0.155403248,,2021,5
54,0,0,0,0,2021,5
54,310113,9843,0.002693115,0.093180809,2021,5
54,0,0,0,0,2021,5
53,397098,15101,0.004131742,0.871715419,2021,5
53,0,0,0,0,2021,5
53,0,0,0,0,2021,5
43,0,0,0,0,2021,5
43,0,0,0,0,2021,5
43,1385277,80635,0.022062314,0.16287622,2021,5
4,2835738.333,190382,0.05208988,0.570523502,2021,5
4,990588.5,64398,0.49908163,0.218090338,2021,5
4,584767.3333,38652,0.474758641,-0.384620283,2021,5
29,291072,8840,0.002418687,0.14374434,2021,5
29,0,0,0,0,2021,5
29,0,0,0,0,2021,5
25,427783.9167,18153,0.004966791,-0.142715466,2021,5
25,92908.5,4903,0.037998032,139.0857143,2021,5
25,67713.71667,4171,0.051231975,180.3478261,2021,5
3,0,0,0,0,2021,5
3,0,0,0,0,2021,5
3,38913122.97,2452900,0.671131024,0.895762069,2021,5
1,0,0,0,0,2021,5
1,4650823.483,249759,0.068335853,1.34130771,2021,5
1,0,0,0,0,2021,5
9999,0,0,0,0,2021,6
9999,0,0,0,0,2021,6
9999,961691.9,61645,0.014293445,0.831674343,2021,6
73,1341,67,0.000383442,-0.854347826,2021,6
73,248,18,0.000168456,-0.94,2021,6
73,550490,22826,0.005292598,0.385661385,2021,6
60,679664.1333,40165,0.375890242,,2021,6
60,11264183.82,564161,0.130810357,0.970207372,2021,6
60,1279865.217,69166,0.395838222,,2021,6
58,4668.616667,322,0.003013486,39.25,2021,6
58,99185.6,3563,0.000826142,-0.465576721,2021,6
58,12911.6,545,0.003119044,89.83333333,2021,6
56,4132488.933,218745,0.050719762,0.153694015,2021,6
56,339364.1833,18482,0.105772808,1319.142857,2021,6
56,224188.8333,13534,0.126659991,643.4761905,2021,6
54,308896,9656,0.002238908,-0.084392187,2021,6
54,0,0,0,0,2021,6
54,0,0,0,0,2021,6
53,0,0,0,0,2021,6
53,0,0,0,0,2021,6
53,396714,15113,0.003504207,0.680155642,2021,6
43,0,0,0,0,2021,6
43,0,0,0,0,2021,6
43,1375321,83075,0.019262357,-0.098402466,2021,6
4,733804.6667,46080,0.431246666,-0.376505291,2021,6
4,3522712.633,232606,0.053933671,0.607971906,2021,6
4,1250153.6,78998,0.452106929,0.178687595,2021,6
29,334091,10408,0.002413272,0.179911575,2021,6
29,0,0,0,0,2021,6
29,0,0,0,0,2021,6
25,499630.9,22344,0.005180838,-0.145904209,2021,6
25,134058.15,7475,0.042779555,1.820754717,2021,6
25,108769.85,6734,0.06302116,2.963507946,2021,6
3,0,0,0,0,2021,6
3,0,0,0,0,2021,6
3,44386829.58,2791841,0.647335987,0.599487241,2021,6
1,0,0,0,0,2021,6
1,5177779.25,276833,0.064188456,0.527927719,2021,6
1,0,0,0,0,2021,6
9999,0,0,0,0,2021,7
9999,1326791.383,88945,0.016533508,1.050321569,2021,7
9999,0,0,0,0,2021,7
73,828,38,0.000176999,-0.956471936,2021,7
73,355,23,0.000175627,-0.983972125,2021,7
73,627814,26514,0.004928545,0.408820404,2021,7
60,1538089.367,85718,0.399262195,273.7371795,2021,7
60,14013304.73,738727,0.137317993,0.254740135,2021,7
60,880079.9333,52405,0.40016341,769.6617647,2021,7
58,127192.1667,5023,0.000933698,-0.405983917,2021,7
58,5942.516667,340,0.002596232,0.75257732,2021,7
58,14416.9,756,0.00352134,0.5782881,2021,7
56,376171.1667,19836,0.092393254,4.336561743,2021,7
56,5630856.917,301316,0.056010012,0.234911762,2021,7
56,254718.1167,14640,0.111790713,4.943970767,2021,7
54,0,0,0,0,2021,7
54,0,0,0,0,2021,7
54,354403,11293,0.002099195,0.012552676,2021,7
53,424630,17118,0.003181973,0.80455408,2021,7
53,0,0,0,0,2021,7
53,0,0,0,0,2021,7
43,0,0,0,0,2021,7
43,0,0,0,0,2021,7
43,1776883,110710,0.020579287,-0.022902785,2021,7
4,841818.0667,54960,0.419673333,-0.286493223,2021,7
4,1514014.7,98516,0.458873451,0.22724668,2021,7
4,4514855.167,309522,0.057535382,0.690084089,2021,7
29,0,0,0,0,2021,7
29,0,0,0,0,2021,7
29,0,0,0,0,2021,7
25,166385.0333,9827,0.045772762,0.466716418,2021,7
25,130504,8591,0.065600684,0.376321692,2021,7
25,707491.6333,32609,0.006061512,-0.093035545,2021,7
3,0,0,0,0,2021,7
3,52581566.65,3392105,0.630540175,0.429978538,2021,7
3,0,0,0,0,2021,7
1,0,0,0,0,2021,7
1,6339832.767,345799,0.064278718,0.225086355,2021,7
1,0,0,0,0,2021,7
9999,0,0,0,0,2021,8
9999,0,0,0,0,2021,8
9999,1145673.083,80548,0.018693745,1.127915885,2021,8
73,77,3,2.99889e-05,-0.985507246,2021,8
73,107,4,2.44746e-05,-0.988304094,2021,8
73,466498,20350,0.00472287,0.53019024,2021,8
60,778065.1833,45198,0.451812829,14.0760507,2021,8
60,1235073.6,68315,0.417994922,8.204392347,2021,8
60,11011952.27,601791,0.139664887,0.153618771,2021,8
58,97637.95,4011,0.000930881,-0.297055731,2021,8
58,12581.46667,710,0.004344235,-0.016620499,2021,8
58,5367.516667,318,0.003178824,0.025806452,2021,8
56,3775789.317,215830,0.050090268,0.106173827,2021,8
56,245465.6333,12781,0.078202343,0.113036663,2021,8
56,176950.3667,9940,0.099363236,0.172446332,2021,8
54,0,0,0,0,2021,8
54,0,0,0,0,2021,8
54,208249,6960,0.001615291,-0.156363636,2021,8
53,0,0,0,0,2021,8
53,318917,13979,0.003244275,0.635736017,2021,8
53,0,0,0,0,2021,8
43,1381032,90406,0.02098161,0.069741575,2021,8
43,0,0,0,0,2021,8
43,0,0,0,0,2021,8
4,563730.1667,37366,0.373521797,-0.318412316,2021,8
4,3650352.3,255156,0.059217127,0.714205095,2021,8
4,1135408.167,73376,0.448961361,0.189353908,2021,8
29,0,0,0,0,2021,8
29,0,0,0,0,2021,8
29,0,0,0,0,2021,8
25,134986.4,8249,0.050472665,0.103249967,2021,8
25,519538.4333,23968,0.005562543,-0.017825677,2021,8
25,107279.9333,7212,0.072093325,-0.303592121,2021,8
3,40584950.22,2680424,0.62207829,0.301600035,2021,8
3,0,0,0,0,2021,8
3,0,0,0,0,2021,8
1,5674406.75,315398,0.073198214,0.244865981,2021,8
1,0,0,0,0,2021,8
1,0,0,0,0,2021,8
9999,1480722.383,109070,0.018258036,1.180266262,2021,9
9999,0,0,0,0,2021,9
9999,0,0,0,0,2021,9
73,20,3,2.2493e-05,-0.972222222,2021,9
73,959170,44916,0.007518822,2.163766993,2021,9
73,152,9,4.13609e-05,-0.948571429,2021,9
60,1005833.917,63774,0.478155576,4.493496425,2021,9
60,1536960.7,88203,0.405350258,2.665503054,2021,9
60,12179206.42,703396,0.11774667,0.261289628,2021,9
58,19822.66667,1066,0.004898965,0.529411765,2021,9
58,124936.1833,5178,0.000866784,-0.088701162,2021,9
58,9559.516667,520,0.003898782,0.187214612,2021,9
56,5569542.767,324725,0.054358125,0.3027248,2021,9
56,336223.35,17111,0.078636194,-0.071215329,2021,9
56,208132.9667,11585,0.086860356,-0.18260072,2021,9
54,322966,10554,0.001766712,-0.115487764,2021,9
54,0,0,0,0,2021,9
54,0,0,0,0,2021,9
53,0,0,0,0,2021,9
53,549833,32845,0.005498168,1.587239071,2021,9
53,0,0,0,0,2021,9
43,0,0,0,0,2021,9
43,0,0,0,0,2021,9
43,1961068,130301,0.02181205,0.178085784,2021,9
4,1537136.2,99910,0.459151551,0.324082909,2021,9
4,4748949.4,335296,0.056127683,0.76030576,2021,9
4,742892.2,47774,0.358193065,-0.196832655,2021,9
29,0,0,0,0,2021,9
29,0,0,0,0,2021,9
29,315752,14646,0.002451702,0.197253331,2021,9
25,127432.7667,9719,0.072869728,-0.200871567,2021,9
25,165592.6,11298,0.051921672,0.394470501,2021,9
25,624618.2167,34978,0.005855227,0.681472935,2021,9
3,57644262.98,3728487,0.624139075,0.282799316,2021,9
3,0,0,0,0,2021,9
3,0,0,0,0,2021,9
1,8203883.267,499416,0.083600946,0.396768573,2021,9
1,0,0,0,0,2021,9
1,0,0,0,0,2021,9
9999,0,0,0,0,2021,10
9999,0,0,0,0,2021,10
9999,900021.05,77271,0.018270801,1.949049691,2021,10
73,16,2,1.1628e-05,-0.941176471,2021,10
73,0,0,0,0,2021,10
73,412337,18453,0.004363229,0.481098001,2021,10
60,6303050.333,414719,0.0980607,0.411348121,2021,10
60,767268.1667,60484,0.541442498,3.048731508,2021,10
60,1081428.3,72864,0.423632833,1.625635112,2021,10
58,5062.466667,339,0.00303467,0.948275862,2021,10
58,10976.08333,652,0.003790742,0.689119171,2021,10
58,63631.1,2958,0.000699422,0.211798443,2021,10
56,4563174.433,262213,0.062000512,0.524166313,2021,10
56,101538.7667,6753,0.060451709,-0.275040258,2021,10
56,230348.6,13322,0.077454389,0.016170862,2021,10
54,206234,6607,0.001562231,-0.176287246,2021,10
54,0,0,0,0,2021,10
54,0,0,0,0,2021,10
53,0,0,0,0,2021,10
53,534378,30107,0.007118829,1.953403963,2021,10
53,0,0,0,0,2021,10
43,1286674,93058,0.022003652,0.312561708,2021,10
43,0,0,0,0,2021,10
43,0,0,0,0,2021,10
4,3615520.233,261932,0.061934069,0.466765223,2021,10
4,1207808.467,77770,0.45215642,0.132286996,2021,10
4,593553.6667,38002,0.340187451,-0.162767129,2021,10
29,0,0,0,0,2021,10
29,183589,10537,0.002491484,0.500355973,2021,10
29,0,0,0,0,2021,10
25,70434.83333,6131,0.054883671,0.358820922,2021,10
25,91739.2,7388,0.042953988,1.384764364,2021,10
25,303361.2167,19907,0.004707029,1.28816092,2021,10
3,38525442.38,2677504,0.633098356,0.356236602,2021,10
3,0,0,0,0,2021,10
3,0,0,0,0,2021,10
1,0,0,0,0,2021,10
1,0,0,0,0,2021,10
1,5595673.967,353941,0.083689685,0.652555351,2021,10
9999,0,0,0,0,2021,11
9999,601904.5667,56550,0.018011843,1.810356823,2021,11
9999,0,0,0,0,2021,11
73,0,0,0,0,2021,11
73,343214,15446,0.004919733,0.228310139,2021,11
73,0,0,0,0,2021,11
60,3163513.133,244530,0.077885693,0.168456966,2021,11
60,675483.0333,51332,0.386579809,1.409726786,2021,11
60,510308.5333,46790,0.554252547,2.602556206,2021,11
58,31260.25,1753,0.000558351,-0.002844141,2021,11
58,2578.6,178,0.002108505,0.762376238,2021,11
58,5914.383333,397,0.002989796,0.703862661,2021,11
56,76364.08333,5372,0.06363421,-0.358567164,2021,11
56,3349168.1,212028,0.067533422,0.497119132,2021,11
56,176179,11088,0.083503408,-0.030769231,2021,11
54,120110,4045,0.00128838,-0.353007038,2021,11
54,0,0,0,0,2021,11
54,0,0,0,0,2021,11
53,424162,22690,0.007227033,1.260635648,2021,11
53,0,0,0,0,2021,11
53,0,0,0,0,2021,11
43,0,0,0,0,2021,11
43,903929,67086,0.021367683,0.23057451,2021,11
43,0,0,0,0,2021,11
4,502645.4,32080,0.380004738,-0.12821349,2021,11
4,3297666.433,241594,0.076950542,0.592787447,2021,11
4,1063481.567,69968,0.526926987,0.266159971,2021,11
29,0,0,0,0,2021,11
29,0,0,0,0,2021,11
29,90768,5962,0.001898967,0.302031011,2021,11
25,0,0,0,0,2021,11
25,0,0,0,0,2021,11
25,0,0,0,0,2021,11
3,0,0,0,0,2021,11
3,0,0,0,0,2021,11
3,27852825.35,2023421,0.644483487,0.222805195,2021,11
1,0,0,0,0,2021,11
1,3487367.767,244496,0.077874864,0.584149178,2021,11
1,0,0,0,0,2021,11
9999,0,0,0,0,2021,12
9999,453478.3667,47273,0.018419435,2.95954435,2021,12
9999,0,0,0,0,2021,12
73,290780,12749,0.004967516,0.274135519,2021,12
73,0,0,0,0,2021,12
73,0,0,0,0,2021,12
60,372597.1333,34450,0.519576496,3.858271048,2021,12
60,479680.0333,38547,0.361482051,2.694718681,2021,12
60,2146981.867,179351,0.069882259,0.546049342,2021,12
58,1536.3,107,0.001613779,2.566666667,2021,12
58,3364.05,197,0.001847406,0.912621359,2021,12
58,17271.8,970,0.00037795,0.352859135,2021,12
56,2560741.75,174790,0.068105112,0.971174991,2021,12
56,162698.1833,10812,0.10139165,0.299206921,2021,12
56,67072.93333,4885,0.073675796,-0.238147224,2021,12
54,0,0,0,0,2021,12
54,0,0,0,0,2021,12
54,114966,3830,0.00149232,0.520444621,2021,12
53,0,0,0,0,2021,12
53,365339,18896,0.007362631,1.402542912,2021,12
53,0,0,0,0,2021,12
43,0,0,0,0,2021,12
43,717146,55471,0.0216137,0.762326852,2021,12
43,0,0,0,0,2021,12
4,384902.0667,26862,0.405133929,-0.164010955,2021,12
4,798725.1333,57080,0.535278893,0.229483479,2021,12
4,2468733.067,193820,0.075519955,0.505468216,2021,12
29,0,0,0,0,2021,12
29,0,0,0,0,2021,12
29,58273,3920,0.001527387,1.59602649,2021,12
25,0,0,0,0,2021,12
25,0,0,0,0,2021,12
25,0,0,0,0,2021,12
3,21746802.75,1724436,0.671908619,0.568001222,2021,12
3,0,0,0,0,2021,12
3,0,0,0,0,2021,12
1,0,0,0,0,2021,12
1,0,0,0,0,2021,12
1,1982652.667,150968,0.058823117,0.986708603,2021,12
9999,269070.8333,28626,0.016840914,1.393478261,2022,1
9999,0,0,0,0,2022,1
9999,0,0,0,0,2022,1
73,433193,19765,0.011627914,0.333940744,2022,1
73,0,0,0,0,2022,1
73,0,0,0,0,2022,1
60,131001.4,11293,0.276891014,1.067936275,2022,1
60,182441.1,14384,0.185657494,0.865629053,2022,1
60,969846.4667,86357,0.050804541,0.007008256,2022,1
58,10658.35,651,0.000382989,0.122413793,2022,1
58,784.6333333,66,0.001618242,2.882352941,2022,1
58,1871.55,151,0.001948991,1.188405797,2022,1
56,1407956.867,104908,0.061718249,0.194362221,2022,1
56,91549.41667,6647,0.08579431,-0.187110187,2022,1
56,38364.86667,3186,0.078116955,-0.491460495,2022,1
54,0,0,0,0,2022,1
54,66469,2301,0.001353697,-0.27390344,2022,1
54,0,0,0,0,2022,1
53,0,0,0,0,2022,1
53,0,0,0,0,2022,1
53,310130,14805,0.008709905,0.488538106,2022,1
43,463651,36356,0.021388537,0.088828991,2022,1
43,0,0,0,0,2022,1
43,0,0,0,0,2022,1
4,842906.6,56294,0.726599205,0.277608824,2022,1
4,402492.3,26240,0.643373789,-0.163585363,2022,1
4,2873482.133,206238,0.12133153,0.605989815,2022,1
29,0,0,0,0,2022,1
29,0,0,0,0,2022,1
29,0,0,0,0,2022,1
25,0,0,0,0,2022,1
25,0,0,0,0,2022,1
25,0,0,0,0,2022,1
3,0,0,0,0,2022,1
3,0,0,0,0,2022,1
3,13124103.08,1112577,0.654538299,-0.017939785,2022,1
1,1127505.983,87205,0.051303426,0.181879786,2022,1
1,0,0,0,0,2022,1
1,0,0,0,0,2022,1
9999,0,0,0,0,2022,2
9999,0,0,0,0,2022,2
9999,279645.9167,29724,0.016390125,5.321565291,2022,2
73,0,0,0,0,2022,2
73,0,0,0,0,2022,2
73,438047,20226,0.011152828,0.301544402,2022,2
60,914835.1667,82294,0.045377774,1.09628856,2022,2
60,162021.6,12708,0.153465287,2.823104693,2022,2
60,123775.1667,11267,0.279183289,3.487056949,2022,2
58,9658.866667,507,0.000279565,0.48245614,2022,2
58,1421.733333,118,0.001425,1.681818182,2022,2
58,205.1166667,20,0.000495577,0.428571429,2022,2
56,106922.15,7639,0.092250655,0.159356503,2022,2
56,38724.33333,2912,0.072156008,-0.426432933,2022,2
56,1887888.317,135642,0.07479442,1.117751756,2022,2
54,0,0,0,0,2022,2
54,0,0,0,0,2022,2
54,86133,2882,0.001589165,-0.056010481,2022,2
53,0,0,0,0,2022,2
53,0,0,0,0,2022,2
53,338256,20423,0.011261456,1.795756331,2022,2
43,0,0,0,0,2022,2
43,487430,36807,0.020295766,0.90620954,2022,2
43,0,0,0,0,2022,2
4,3300152.267,243872,0.134473577,0.812123824,2022,2
4,929511.7333,62342,0.752859058,0.32192536,2022,2
4,397289.3,26158,0.648165126,-0.186528175,2022,2
29,0,0,0,0,2022,2
29,0,0,0,0,2022,2
29,0,0,0,0,2022,2
25,0,0,0,0,2022,2
25,0,0,0,0,2022,2
25,0,0,0,0,2022,2
3,13745733.47,1135773,0.626277136,0.793635428,2022,2
3,0,0,0,0,2022,2
3,0,0,0,0,2022,2
1,0,0,0,0,2022,2
1,0,0,0,0,2022,2
1,1433975.767,105381,0.058108188,0.803295801,2022,2
9999,474653.25,45356,0.017116118,2.071443083,2022,3
9999,0,0,0,0,2022,3
9999,0,0,0,0,2022,3
73,452448,19935,0.007522925,0.335767891,2022,3
73,0,0,0,0,2022,3
73,0,0,0,0,2022,3
60,486126.4167,33433,0.320107619,1.885886923,2022,3
60,2972351.45,197190,0.074414129,0.124364947,2022,3
60,302813.4,25040,0.45494186,2.555808009,2022,3
58,5298.033333,307,0.002939402,0.582474227,2022,3
58,39982.05,1702,0.000642288,-0.311210036,2022,3
58,2232.35,125,0.002271076,0.506024096,2022,3
56,3830106.033,211232,0.079713197,0.688694178,2022,3
56,58622.18333,4217,0.076617006,-0.476734086,2022,3
56,155892.0833,9893,0.094721523,-0.077833706,2022,3
54,0,0,0,0,2022,3
54,251103,8018,0.003025775,0.034580645,2022,3
54,0,0,0,0,2022,3
53,440401,23074,0.008707498,0.588352723,2022,3
53,0,0,0,0,2022,3
53,0,0,0,0,2022,3
43,0,0,0,0,2022,3
43,770407,54304,0.020492849,0.228569489,2022,3
43,0,0,0,0,2022,3
4,883140.2,60810,0.582231456,0.176436448,2022,3
4,3667937.233,271638,0.102508774,0.888000778,2022,3
4,387653.9667,25658,0.466170058,-0.204748326,2022,3
29,0,0,0,0,2022,3
29,0,0,0,0,2022,3
29,0,0,0,0,2022,3
25,0,0,0,0,2022,3
25,0,0,0,0,2022,3
25,0,0,0,0,2022,3
3,0,0,0,0,2022,3
3,0,0,0,0,2022,3
3,21789597.42,1661066,0.626841013,0.25353065,2022,3
1,0,0,0,0,2022,3
1,0,0,0,0,2022,3
1,2410588.483,156385,0.059015435,0.280322567,2022,3
9999,0,0,0,0,2022,4
9999,0,0,0,0,2022,4
9999,759611.3,67981,0.016934223,1.602342763,2022,4
73,572941,25379,0.006321967,0.089554802,2022,4
73,0,0,0,0,2022,4
73,0,0,0,0,2022,4
60,549206.1167,49718,0.551802977,2.022187101,2022,4
60,4207452.633,290736,0.072423006,-0.144745706,2022,4
60,753909.8167,54733,0.34141549,1.033701185,2022,4
58,2310.033333,124,0.001376233,-0.220125786,2022,4
58,66503.63333,2736,0.000681544,-0.264318365,2022,4
58,9729.5,478,0.002981686,0.604026846,2022,4
56,101158.7833,6791,0.075370973,-0.506288622,2022,4
56,5663143.467,310348,0.0773084,0.478615091,2022,4
56,254193.4,16235,0.101271271,-0.105509642,2022,4
54,388783,11882,0.002959834,-0.108694021,2022,4
54,0,0,0,0,2022,4
54,0,0,0,0,2022,4
53,0,0,0,0,2022,4
53,0,0,0,0,2022,4
53,747394,41576,0.010356677,1.178122381,2022,4
43,1225265,83510,0.020802533,0.116951556,2022,4
43,0,0,0,0,2022,4
43,0,0,0,0,2022,4
4,4861037.9,361524,0.090056459,0.695687658,2022,4
4,1285928.3,88866,0.554331553,0.210873416,2022,4
4,489475.9,33468,0.371449817,-0.255207406,2022,4
29,0,0,0,0,2022,4
29,0,0,0,0,2022,4
29,0,0,0,0,2022,4
25,0,0,0,0,2022,4
25,0,0,0,0,2022,4
25,0,0,0,0,2022,4
3,0,0,0,0,2022,4
3,0,0,0,0,2022,4
3,35352701.17,2515416,0.626595905,0.102358657,2022,4
1,4831713.867,303327,0.075559453,0.413650557,2022,4
1,0,0,0,0,2022,4
1,0,0,0,0,2022,4
9999,853596.6167,69103,0.016938621,0.709962387,2022,5
9999,0,0,0,0,2022,5
9999,0,0,0,0,2022,5
73,0,0,0,0,2022,5
73,516623,23772,0.005827025,0.172883363,2022,5
73,0,0,0,0,2022,5
60,1072491.583,72317,0.449369291,0.731728927,2022,5
60,7143482.883,419118,0.10273477,0.110852545,2022,5
60,525680.5,40626,0.547594015,0.58157823,2022,5
58,96001.48333,3944,0.000966759,0.308560053,2022,5
58,2587.466667,174,0.00234533,-0.236842105,2022,5
58,11045.78333,552,0.003430063,0.614035088,2022,5
56,191838.7167,12283,0.07632511,-0.300233578,2022,5
56,89476.71667,5877,0.079215528,-0.53548846,2022,5
56,4736787.017,267713,0.065622172,0.421932928,2022,5
54,0,0,0,0,2022,5
54,0,0,0,0,2022,5
54,0,0,0,0,2022,5
53,0,0,0,0,2022,5
53,0,0,0,0,2022,5
53,442997,23857,0.00584786,0.57982915,2022,5
43,0,0,0,0,2022,5
43,0,0,0,0,2022,5
43,1230263,79889,0.0195825,-0.009251566,2022,5
4,358522.5667,24566,0.331122793,-0.364431336,2022,5
4,1018622.567,71336,0.443273473,0.107736265,2022,5
4,4326229.633,315694,0.077383339,0.658213487,2022,5
29,126789.8833,3789,0.000928765,-0.57138009,2022,5
29,0,0,0,0,2022,5
29,0,0,0,0,2022,5
25,43859.5,2947,0.039722335,-0.293454807,2022,5
25,310652.3833,15347,0.003761877,-0.154575001,2022,5
25,74824.86667,4442,0.027602063,-0.094024067,2022,5
3,0,0,0,0,2022,5
3,0,0,0,0,2022,5
3,37835154.08,2548544,0.624702545,0.038992213,2022,5
1,0,0,0,0,2022,5
1,0,0,0,0,2022,5
1,5346878.717,308842,0.075703768,0.236560044,2022,5
9999,0,0,0,0,2022,6
9999,0,0,0,0,2022,6
9999,1248245.65,92422,0.018671515,0.499261903,2022,6
73,566288,25867,0.00522577,0.133225269,2022,6
73,0,0,0,0,2022,6
73,0,0,0,0,2022,6
60,9997225.367,565788,0.114303077,0.002883929,2022,6
60,1433599.283,92303,0.470240309,0.334514068,2022,6
60,562010.9,37943,0.478721659,-0.055321798,2022,6
58,5124.983333,288,0.003633657,-0.105590062,2022,6
58,143058.5833,6084,0.001229117,0.707549818,2022,6
58,17072.8,914,0.004656399,0.67706422,2022,6
56,6219686.083,329955,0.066659017,0.508400192,2022,6
56,113251.1333,7416,0.093566661,-0.452046697,2022,6
56,238723.2833,14609,0.074425974,-0.209555243,2022,6
54,0,0,0,0,2022,6
54,0,0,0,0,2022,6
54,111134,3542,0.000715571,-0.633181442,2022,6
53,373784,18008,0.003638058,0.191556938,2022,6
53,0,0,0,0,2022,6
53,0,0,0,0,2022,6
43,1483628,93272,0.018843236,0.122744508,2022,6
43,0,0,0,0,2022,6
43,0,0,0,0,2022,6
4,4789173.467,343850,0.069466148,0.478250776,2022,6
4,1223531.633,81230,0.413828589,0.02825388,2022,6
4,441033.6,29200,0.36841242,-0.366319444,2022,6
29,0,0,0,0,2022,6
29,221762.7833,7199,0.001454375,-0.308320523,2022,6
29,0,0,0,0,2022,6
25,123885.5667,7233,0.036848728,-0.032374582,2022,6
25,491462.2833,23803,0.004808791,0.065297172,2022,6
25,67814.93333,4412,0.055665603,-0.344817345,2022,6
3,0,0,0,0,2022,6
3,0,0,0,0,2022,6
3,48099934.77,3079806,0.62219648,0.103145201,2022,6
1,0,0,0,0,2022,6
1,0,0,0,0,2022,6
1,6629810.967,360297,0.072788846,0.301495848,2022,6
9999,0,0,0,0,2022,7
9999,0,0,0,0,2022,7
9999,1563542.767,117933,0.019211018,0.32590927,2022,7
73,0,0,0,0,2022,7
73,0,0,0,0,2022,7
73,763772,33867,0.005516857,0.277325187,2022,7
60,12246792.28,709206,0.115528047,-0.039961989,2022,7
60,2118229.883,139039,0.538066214,0.622051378,2022,7
60,782029.65,53936,0.546508329,0.02921477,2022,7
58,158191.5167,7058,0.001149732,0.405136373,2022,7
58,18732.35,1045,0.004044039,0.382275132,2022,7
58,5936.583333,356,0.003607182,0.047058824,2022,7
56,124711.55,8458,0.085700969,-0.42226776,2022,7
56,266534.8667,16542,0.064015789,-0.166061706,2022,7
56,7453861.167,407056,0.066308498,0.350927266,2022,7
54,0,0,0,0,2022,7
54,0,0,0,0,2022,7
54,0,0,0,0,2022,7
53,428069,21594,0.003517614,0.261479145,2022,7
53,0,0,0,0,2022,7
53,0,0,0,0,2022,7
43,1738522,113935,0.018559753,0.02913016,2022,7
43,0,0,0,0,2022,7
43,0,0,0,0,2022,7
4,5500431.033,410476,0.066865608,0.326160984,2022,7
4,1325498.633,92754,0.358948163,-0.058487961,2022,7
4,449668.9667,30420,0.30823167,-0.44650655,2022,7
29,0,0,0,0,2022,7
29,0,0,0,0,2022,7
29,253540.6833,8659,0.001410531,,2022,7
25,85505.18333,5522,0.05595185,-0.357234315,2022,7
25,604406.6833,30376,0.004948181,-0.068478028,2022,7
25,149987.8167,9025,0.034925795,-0.081611886,2022,7
3,0,0,0,0,2022,7
3,57031679.52,3803465,0.619575811,0.121269831,2022,7
3,0,0,0,0,2022,7
1,8535148.2,475196,0.077408349,0.374197149,2022,7
1,0,0,0,0,2022,7
1,0,0,0,0,2022,7
9999,0,0,0,0,2022,8
9999,1249662.6,101467,0.019818776,0.259708497,2022,8
9999,0,0,0,0,2022,8
73,691996,28824,0.005629972,0.416412776,2022,8
73,0,0,0,0,2022,8
73,0,0,0,0,2022,8
60,1655457.383,113836,0.522466289,0.66633975,2022,8
60,8914572.967,540990,0.105667455,-0.101033415,2022,8
60,607186.0333,43961,0.528955949,-0.027368468,2022,8
58,106305.1333,5099,0.000995949,0.271254051,2022,8
58,17273.46667,958,0.004396875,0.349295775,2022,8
58,5983.533333,402,0.004837021,0.264150943,2022,8
56,5632978.917,312826,0.061101919,0.449409257,2022,8
56,188042.8333,11753,0.053942042,-0.080431891,2022,8
56,99755.71667,6415,0.07718779,-0.354627767,2022,8
54,0,0,0,0,2022,8
54,0,0,0,0,2022,8
54,0,0,0,0,2022,8
53,0,0,0,0,2022,8
53,0,0,0,0,2022,8
53,339459,19639,0.003835936,0.404893054,2022,8
43,0,0,0,0,2022,8
43,1455863,96767,0.018900761,0.070360374,2022,8
43,0,0,0,0,2022,8
4,414072.4333,28056,0.337580767,-0.249156988,2022,8
4,4842211.7,355906,0.069516407,0.39485648,2022,8
4,1242755.1,84570,0.388145877,0.152556694,2022,8
29,217408.9,8476,0.001655552,,2022,8
29,0,0,0,0,2022,8
29,0,0,0,0,2022,8
25,62803.73333,4275,0.051438472,-0.407237937,2022,8
25,409345.2167,21494,0.004198259,-0.103220961,2022,8
25,106723.4833,6765,0.031048916,-0.179900594,2022,8
3,0,0,0,0,2022,8
3,0,0,0,0,2022,8
3,47545405.65,3212091,0.627393261,0.198351828,2022,8
1,0,0,0,0,2022,8
1,0,0,0,0,2022,8
1,7375925.733,416162,0.081285753,0.319482051,2022,8
9999,1300624.783,116927,0.018107751,0.072036307,2022,9
9999,0,0,0,0,2022,9
9999,0,0,0,0,2022,9
73,782252,37034,0.005735223,-0.175483124,2022,9
73,0,0,0,0,2022,9
73,0,0,0,0,2022,9
60,9265427,609969,0.094462073,-0.132822763,2022,9
60,1779460.933,133438,0.488617431,0.512851037,2022,9
60,679514.1833,52486,0.487253755,-0.177000031,2022,9
58,14106.88333,782,0.007259697,0.503846154,2022,9
58,25024.88333,1317,0.004822533,0.235459662,2022,9
58,132912.5833,6331,0.000980442,0.222672847,2022,9
56,116617.85,7867,0.073033291,-0.32093224,2022,9
56,6754554.7,406539,0.062958145,0.251948572,2022,9
56,213658.0167,13252,0.048525594,-0.225527438,2022,9
54,0,0,0,0,2022,9
54,0,0,0,0,2022,9
54,0,0,0,0,2022,9
53,0,0,0,0,2022,9
53,629944,45674,0.007073246,0.390592175,2022,9
53,0,0,0,0,2022,9
43,0,0,0,0,2022,9
43,0,0,0,0,2022,9
43,1842788,127173,0.019694485,-0.024005955,2022,9
4,1655618.967,113602,0.415982834,0.137043339,2022,9
4,6102957.9,457776,0.070892898,0.365289177,2022,9
4,549335.1333,38176,0.354406877,-0.200904258,2022,9
29,260652.5833,14134,0.002188844,-0.03495835,2022,9
29,0,0,0,0,2022,9
29,0,0,0,0,2022,9
25,96550.76667,8407,0.07804638,-0.134993312,2022,9
25,142324,11484,0.042051609,0.016463091,2022,9
25,550825.6667,43556,0.006745245,0.245239865,2022,9
3,55265460.4,3899995,0.603967764,0.045999356,2022,9
3,0,0,0,0,2022,9
3,0,0,0,0,2022,9
1,0,0,0,0,2022,9
1,0,0,0,0,2022,9
1,11190157.93,692182,0.107193885,0.385982828,2022,9
9999,0,0,0,0,2022,10
9999,780505.6,79642,0.018466888,0.030684215,2022,10
9999,0,0,0,0,2022,10
73,685112,32228,0.007472827,0.746491085,2022,10
73,0,0,0,0,2022,10
73,0,0,0,0,2022,10
60,4991512.017,364761,0.084578495,-0.120462289,2022,10
60,403336.8,35995,0.467091433,-0.404883936,2022,10
60,1048542.267,88756,0.450558655,0.218104963,2022,10
58,13301.35,768,0.003898655,0.17791411,2022,10
58,72816.73333,3572,0.000828253,0.207572684,2022,10
58,12210,524,0.00679972,0.545722714,2022,10
56,4638574.9,284198,0.065898052,0.08384405,2022,10
56,80408.86667,5469,0.07096883,-0.190137717,2022,10
56,150071.55,9690,0.049190065,-0.272631737,2022,10
54,0,0,0,0,2022,10
54,0,0,0,0,2022,10
54,0,0,0,0,2022,10
53,0,0,0,0,2022,10
53,568561,38639,0.008959369,0.283389245,2022,10
53,0,0,0,0,2022,10
43,0,0,0,0,2022,10
43,0,0,0,0,2022,10
43,1134785,82552,0.019141641,-0.112897333,2022,10
4,1237818.167,89998,0.456863512,0.157232866,2022,10
4,4507322.167,347356,0.080542733,0.326130446,2022,10
4,399109.5333,29182,0.3786821,-0.232093048,2022,10
29,0,0,0,0,2022,10
29,0,0,0,0,2022,10
29,156328.55,9557,0.002216017,-0.093005599,2022,10
25,75694.73333,7779,0.039489114,0.05292366,2022,10
25,51833.68333,5892,0.076457917,-0.038982221,2022,10
25,261224.4833,25155,0.005832784,0.26362586,2022,10
3,0,0,0,0,2022,10
3,35513800.2,2669116,0.618897895,-0.003132768,2022,10
3,0,0,0,0,2022,10
1,0,0,0,0,2022,10
1,5755457.617,375916,0.087165047,0.062086619,2022,10
1,0,0,0,0,2022,10
9999,644166.4833,68998,0.019343388,0.220123784,2022,11
9999,0,0,0,0,2022,11
9999,0,0,0,0,2022,11
73,0,0,0,0,2022,11
73,0,0,0,0,2022,11
73,535601,25122,0.007042879,0.626440502,2022,11
60,601456.35,55820,0.429741632,0.087430842,2022,11
60,2981385.767,245080,0.068707463,0.002249213,2022,11
60,230598.35,22180,0.465555602,-0.525967087,2022,11
58,10176.51667,570,0.004388261,0.435768262,2022,11
58,43524.78333,2309,0.000647321,0.317170565,2022,11
58,4090.616667,253,0.00531044,0.421348315,2022,11
56,137334.5667,9132,0.070304561,-0.176406926,2022,11
56,3676808.067,230857,0.064720086,0.088804309,2022,11
56,83518.4,5845,0.122685865,0.088049144,2022,11
54,0,0,0,0,2022,11
54,0,0,0,0,2022,11
54,0,0,0,0,2022,11
53,365664,25107,0.007038674,0.106522697,2022,11
53,0,0,0,0,2022,11
53,0,0,0,0,2022,11
43,0,0,0,0,2022,11
43,969290,72484,0.020320678,0.080463882,2022,11
43,0,0,0,0,2022,11
4,273538.5,19364,0.406448092,-0.39638404,2022,11
4,872031.5333,64370,0.495565547,-0.080008004,2022,11
4,3522908.3,275306,0.077181233,0.139539889,2022,11
29,104931.9667,6577,0.001843843,0.103153304,2022,11
29,0,0,0,0,2022,11
29,0,0,0,0,2022,11
25,0,0,0,0,2022,11
25,0,0,0,0,2022,11
25,0,0,0,0,2022,11
3,30407861.83,2327461,0.652496897,0.150260376,2022,11
3,0,0,0,0,2022,11
3,0,0,0,0,2022,11
1,4264351.1,287706,0.080657537,0.176730908,2022,11
1,0,0,0,0,2022,11
1,0,0,0,0,2022,11
9999,0,0,0,0,2022,12
9999,0,0,0,0,2022,12
9999,380498.6833,48348,0.019490493,0.022740253,2022,12
73,0,0,0,0,2022,12
73,0,0,0,0,2022,12
73,503679,24697,0.009956083,0.937171543,2022,12
60,327010.9333,33720,0.359595615,-0.125223753,2022,12
60,1454765.55,141822,0.057172597,-0.209248903,2022,12
60,132352.0333,13483,0.393193549,-0.60862119,2022,12
58,16923.43333,1069,0.000430945,0.102061856,2022,12
58,3301.25,265,0.002826003,0.345177665,2022,12
58,954.5333333,97,0.002828731,-0.093457944,2022,12
56,69124.68333,5181,0.151089207,0.060593654,2022,12
56,2127959,163261,0.065815285,-0.065959151,2022,12
56,109227.9,8021,0.085537261,-0.258139105,2022,12
54,0,0,0,0,2022,12
54,0,0,0,0,2022,12
54,0,0,0,0,2022,12
53,567404,33499,0.013504427,0.77280906,2022,12
53,0,0,0,0,2022,12
53,0,0,0,0,2022,12
43,0,0,0,0,2022,12
43,569878,47255,0.019049873,-0.148113429,2022,12
43,0,0,0,0,2022,12
4,2680279.233,226152,0.091168486,0.16681457,2022,12
4,200753.3667,15530,0.452888513,-0.421859876,2022,12
4,634629.5,51766,0.552041121,-0.093097407,2022,12
29,41355.58333,3867,0.001558901,-0.013520408,2022,12
29,0,0,0,0,2022,12
29,0,0,0,0,2022,12
25,0,0,0,0,2022,12
25,0,0,0,0,2022,12
25,0,0,0,0,2022,12
3,18047392.65,1633148,0.658369729,-0.052937888,2022,12
3,0,0,0,0,2022,12
3,0,0,0,0,2022,12
1,0,0,0,0,2022,12
1,1996672.1,157476,0.063483182,0.043108473,2022,12
1,0,0,0,0,2022,12
9999,0,0,0,0,2023,1
9999,0,0,0,0,2023,1
9999,457159.5667,54299,0.020527557,0.896842032,2023,1
73,0,0,0,0,2023,1
73,488397,24905,0.009415253,0.260055654,2023,1
73,0,0,0,0,2023,1
60,300880.15,30500,0.349209984,1.120411568,2023,1
60,113321.0667,11823,0.385289709,0.046931728,2023,1
60,1601092.417,152653,0.05770996,0.767696886,2023,1
58,1194.05,101,0.003291403,0.53030303,2023,1
58,3451.283333,243,0.00278223,0.609271523,2023,1
58,20521.8,1202,0.000454412,0.846390169,2023,1
56,71431.36667,5136,0.167372743,0.612052731,2023,1
56,101081.3667,7085,0.081119762,0.065894388,2023,1
56,2826583.2,190560,0.072040575,0.816448698,2023,1
54,0,0,0,0,2023,1
54,0,0,0,0,2023,1
54,0,0,0,0,2023,1
53,0,0,0,0,2023,1
53,448768,24755,0.009358546,0.672070247,2023,1
53,0,0,0,0,2023,1
43,655312,52262,0.019757475,0.437506876,2023,1
43,0,0,0,0,2023,1
43,0,0,0,0,2023,1
4,180601,13626,0.444046145,-0.480716463,2023,1
4,643982.1667,49512,0.566888024,-0.120474651,2023,1
4,2694349.933,217154,0.082094348,0.05292914,2023,1
29,0,0,0,0,2023,1
29,44590.78333,3566,0.001348114,,2023,1
29,0,0,0,0,2023,1
3,0,0,0,0,2023,1
3,0,0,0,0,2023,1
3,20646209.88,1790514,0.67689787,0.609339399,2023,1
1,0,0,0,0,2023,1
1,0,0,0,0,2023,1
1,1817419.183,133306,0.05039589,0.52865088,2023,1
9999,405998.7833,50635,0.019434777,0.703505585,2023,2
9999,0,0,0,0,2023,2
9999,0,0,0,0,2023,2
73,0,0,0,0,2023,2
73,505691,26323,0.010103321,0.301443686,2023,2
73,0,0,0,0,2023,2
60,261778.5333,25864,0.28832605,1.035253384,2023,2
60,1470792.1,134806,0.051741377,0.638102413,2023,2
60,91442.01667,9233,0.317165333,-0.180527203,2023,2
58,30152.15,1591,0.000610659,2.138067061,2023,2
58,1068.216667,119,0.004087802,4.95,2023,2
58,4050.766667,245,0.002731205,1.076271186,2023,2
56,70039.68333,4975,0.170897599,0.708447802,2023,2
56,104575.05,7569,0.084377508,-0.009163503,2023,2
56,2610409.75,185754,0.07129629,0.369443093,2023,2
54,0,0,0,0,2023,2
54,0,0,0,0,2023,2
54,0,0,0,0,2023,2
53,274394,17015,0.006530715,-0.166870685,2023,2
53,0,0,0,0,2023,2
53,0,0,0,0,2023,2
43,0,0,0,0,2023,2
43,695677,54780,0.021025716,0.488303855,2023,2
43,0,0,0,0,2023,2
4,2999392.333,248644,0.095434794,0.019567642,2023,2
4,195947.3333,14784,0.507849267,-0.434819176,2023,2
4,721682.0333,56026,0.624565237,-0.101312117,2023,2
29,0,0,0,0,2023,2
29,64848.03333,5045,0.001936377,,2023,2
29,0,0,0,0,2023,2
3,19359525,1721527,0.660758254,0.515731577,2023,2
3,0,0,0,0,2023,2
3,0,0,0,0,2023,2
1,2118556.867,159261,0.06112772,0.511287614,2023,2
1,0,0,0,0,2023,2
1,0,0,0,0,2023,2
9999,410073.4667,51201,0.018800369,0.128869389,2023,3
9999,0,0,0,0,2023,3
9999,0,0,0,0,2023,3
73,0,0,0,0,2023,3
73,448161,22677,0.008326712,0.137547028,2023,3
73,0,0,0,0,2023,3
60,119834.45,12201,0.390007672,-0.512739617,2023,3
60,1847710.367,168717,0.061950779,-0.144393732,2023,3
60,354861.4167,35045,0.376362562,0.048215835,2023,3
58,32656.46667,1743,0.000640008,0.024089307,2023,3
58,717.2333333,61,0.001949879,-0.512,2023,3
58,2965.066667,178,0.001911615,-0.42019544,2023,3
56,96744.05,6896,0.22043217,0.635285748,2023,3
56,145245.9,10254,0.110121892,0.036490448,2023,3
56,3294562.433,211858,0.077791617,0.002963566,2023,3
54,0,0,0,0,2023,3
54,0,0,0,0,2023,3
54,0,0,0,0,2023,3
53,407615,22673,0.008325243,-0.017378868,2023,3
53,0,0,0,0,2023,3
53,0,0,0,0,2023,3
43,0,0,0,0,2023,3
43,686103,53292,0.019568158,-0.018635828,2023,3
43,0,0,0,0,2023,3
4,2764544.367,229726,0.084352524,-0.154293582,2023,3
4,157292.0667,12126,0.38761028,-0.527398862,2023,3
4,604522.6,47638,0.511603931,-0.21660911,2023,3
29,0,0,0,0,2023,3
29,0,0,0,0,2023,3
29,65845.83333,4530,0.00166336,,2023,3
3,0,0,0,0,2023,3
3,20452941.75,1789507,0.657084663,0.077324441,2023,3
3,0,0,0,0,2023,3
1,2268746.55,167480,0.061496568,0.070946702,2023,3
1,0,0,0,0,2023,3
1,0,0,0,0,2023,3
9999,911667.3,91114,0.018585488,0.340286256,2023,4
9999,0,0,0,0,2023,4
9999,0,0,0,0,2023,4
73,0,0,0,0,2023,4
73,794825,38288,0.007810009,0.508648883,2023,4
73,0,0,0,0,2023,4
60,321530.8833,28733,0.417837303,-0.422080534,2023,4
60,921538.95,77685,0.41003378,0.419344819,2023,4
60,4831676.883,351113,0.07162024,0.207669501,2023,4
58,8868.766667,517,0.002728808,0.081589958,2023,4
58,2308.466667,152,0.002210395,0.225806452,2023,4
58,83852.53333,3963,0.000808375,0.448464912,2023,4
56,227614.2833,15919,0.231495216,1.344131939,2023,4
56,444245.75,29046,0.153309406,0.789097629,2023,4
56,7033761.917,399605,0.081511668,0.287602949,2023,4
54,0,0,0,0,2023,4
54,0,0,0,0,2023,4
54,0,0,0,0,2023,4
53,0,0,0,0,2023,4
53,548638,32317,0.006592041,-0.222700596,2023,4
53,0,0,0,0,2023,4
43,1463985,100744,0.020549822,0.206370495,2023,4
43,0,0,0,0,2023,4
43,0,0,0,0,2023,4
4,1122149.567,82212,0.433928006,-0.074876781,2023,4
4,338307.7333,23962,0.348457086,-0.284032509,2023,4
4,4539539.2,358782,0.073184568,-0.007584559,2023,4
29,0,0,0,0,2023,4
29,0,0,0,0,2023,4
29,201568.5167,11323,0.002309672,,2023,4
3,0,0,0,0,2023,4
3,0,0,0,0,2023,4
3,42259073.82,3185643,0.64980937,0.266447776,2023,4
1,0,0,0,0,2023,4
1,5192957.5,329535,0.067218747,0.086401804,2023,4
1,0,0,0,0,2023,4
9999,867151.85,82009,0.017797192,0.186764685,2023,5
9999,0,0,0,0,2023,5
9999,0,0,0,0,2023,5
73,0,0,0,0,2023,5
73,751837,37687,0.008178649,0.585352516,2023,5
73,0,0,0,0,2023,5
60,1041348.85,81951,0.446833221,0.133219022,2023,5
60,5864263.85,385418,0.083641531,-0.08040695,2023,5
60,384384.2667,31778,0.469671889,-0.217791562,2023,5
58,116026.0167,5403,0.001172533,0.369929006,2023,5
58,13089.68333,725,0.003953022,0.313405797,2023,5
58,3277.566667,201,0.002970736,0.155172414,2023,5
56,5562031.167,331832,0.072012559,0.239506486,2023,5
56,427760.9333,28058,0.152984668,1.284295368,2023,5
56,210634.8833,14467,0.213819095,1.461630083,2023,5
54,0,0,0,0,2023,5
54,0,0,0,0,2023,5
54,0,0,0,0,2023,5
53,0,0,0,0,2023,5
53,331470,15533,0.003370896,-0.348912269,2023,5
53,0,0,0,0,2023,5
43,1429178,95023,0.020621427,0.189437845,2023,5
43,0,0,0,0,2023,5
43,0,0,0,0,2023,5
4,300700.5,21214,0.31353828,-0.13644875,2023,5
4,3597869.033,286640,0.062205212,-0.092032158,2023,5
4,968721.8667,72670,0.39622909,0.018700236,2023,5
29,211651.8,8791,0.00190778,1.320137239,2023,5
29,0,0,0,0,2023,5
29,0,0,0,0,2023,5
3,41872718,3027961,0.6571133,0.188114076,2023,5
3,0,0,0,0,2023,5
3,0,0,0,0,2023,5
1,0,0,0,0,2023,5
1,5718574.3,331677,0.071978922,0.073937483,2023,5
1,0,0,0,0,2023,5
9999,0,0,0,0,2023,6
9999,0,0,0,0,2023,6
9999,940183.95,86701,0.017759073,-0.061900846,2023,6
73,0,0,0,0,2023,6
73,0,0,0,0,2023,6
73,843483,40331,0.008261048,0.559168052,2023,6
60,637546.2,46866,0.529625151,0.235168542,2023,6
60,8122805.617,498059,0.102018038,-0.119707382,2023,6
60,1652381.733,117610,0.517927761,0.274173104,2023,6
58,139714.3333,6730,0.001378514,0.106180145,2023,6
58,5197.15,347,0.003921391,0.204861111,2023,6
58,19054.45,983,0.004328909,0.075492341,2023,6
56,241047.8,16404,0.185378974,1.21197411,2023,6
56,5677477.9,339430,0.069525865,0.028716037,2023,6
56,416585.6,28023,0.123406935,0.918201109,2023,6
54,0,0,0,0,2023,6
54,0,0,0,0,2023,6
54,0,0,0,0,2023,6
53,0,0,0,0,2023,6
53,315692,15553,0.00318574,-0.136328299,2023,6
53,0,0,0,0,2023,6
43,1467170,99056,0.020289762,0.062012179,2023,6
43,0,0,0,0,2023,6
43,0,0,0,0,2023,6
4,361360.2,24872,0.281074484,-0.148219178,2023,6
4,1106126.3,80462,0.354336395,-0.009454635,2023,6
4,3795848.033,295350,0.060496904,-0.141049876,2023,6
29,265338.1667,11552,0.00236621,0.604667315,2023,6
29,0,0,0,0,2023,6
29,0,0,0,0,2023,6
3,43999745.78,3158048,0.646866861,0.025404847,2023,6
3,0,0,0,0,2023,6
3,0,0,0,0,2023,6
1,0,0,0,0,2023,6
1,5752827.783,331258,0.067851984,-0.080597396,2023,6
1,0,0,0,0,2023,6
9999,0,0,0,0,2023,7
9999,0,0,0,0,2023,7
9999,1222165.433,116020,0.018408831,-0.016221075,2023,7
73,986294,45090,0.007154406,0.331384534,2023,7
73,0,0,0,0,2023,7
73,0,0,0,0,2023,7
60,9825049.433,610326,0.096840098,-0.139423524,2023,7
60,1970163,143360,0.505356369,0.031077611,2023,7
60,800182.9667,58857,0.51051262,0.091237763,2023,7
58,21392.78333,1153,0.004064424,0.103349282,2023,7
58,165793.15,8067,0.001279987,0.142958345,2023,7
58,5483.083333,315,0.00273224,-0.115168539,2023,7
56,7294898.8,443562,0.070379744,0.089682992,2023,7
56,341182.5167,23282,0.201942927,1.752660203,2023,7
56,528120.9167,36200,0.127608123,1.188369,2023,7
54,0,0,0,0,2023,7
54,0,0,0,0,2023,7
54,0,0,0,0,2023,7
53,0,0,0,0,2023,7
53,0,0,0,0,2023,7
53,329960,18100,0.002871917,-0.161804205,2023,7
43,0,0,0,0,2023,7
43,0,0,0,0,2023,7
43,1787663,125308,0.019882553,0.099820073,2023,7
4,498564.5333,32836,0.284812213,0.079421433,2023,7
4,1454340.2,102968,0.362971084,0.11011924,2023,7
4,4797135.4,372242,0.059063438,-0.093145519,2023,7
29,0,0,0,0,2023,7
29,0,0,0,0,2023,7
29,360460.55,17252,0.002737366,0.992377873,2023,7
3,55724739.2,4092159,0.649300664,0.075902894,2023,7
3,0,0,0,0,2023,7
3,0,0,0,0,2023,7
1,0,0,0,0,2023,7
1,7911008.317,454284,0.072080998,-0.044007104,2023,7
1,0,0,0,0,2023,7
9999,0,0,0,0,2023,8
9999,0,0,0,0,2023,8
9999,1028355.8,98017,0.017999659,-0.034001202,2023,8
73,980009,45206,0.008301546,0.568345823,2023,8
73,0,0,0,0,2023,8
73,0,0,0,0,2023,8
60,8293049.95,517834,0.09509407,-0.042803009,2023,8
60,1536585.133,113363,0.476167074,-0.0041551,2023,8
60,643339.2,47958,0.494081286,0.090921499,2023,8
58,4935.666667,339,0.003492505,-0.156716418,2023,8
58,125868.75,6726,0.00123515,0.319082173,2023,8
58,21323.3,1174,0.00493124,0.225469729,2023,8
56,5800985.5,357366,0.065626026,0.14237947,2023,8
56,282307.0167,19960,0.205635399,2.111457521,2023,8
56,444340.4833,30695,0.128930501,1.611673615,2023,8
54,0,0,0,0,2023,8
54,0,0,0,0,2023,8
54,0,0,0,0,2023,8
53,0,0,0,0,2023,8
53,246886,15814,0.002904053,-0.194765518,2023,8
53,0,0,0,0,2023,8
43,1626910,114752,0.021072843,0.185858816,2023,8
43,0,0,0,0,2023,8
43,0,0,0,0,2023,8
4,4246467.967,326710,0.059996415,-0.082032896,2023,8
4,1283308.4,92842,0.389971185,0.097812463,2023,8
4,417780.8333,28808,0.29679081,0.026803536,2023,8
29,0,0,0,0,2023,8
29,347268.85,18149,0.003332849,1.141222275,2023,8
29,0,0,0,0,2023,8
3,0,0,0,0,2023,8
3,49906337.65,3552607,0.652394127,0.106010695,2023,8
3,0,0,0,0,2023,8
1,6965569.683,392311,0.072043261,-0.057311816,2023,8
1,0,0,0,0,2023,8
1,0,0,0,0,2023,8
9999,0,0,0,0,2023,9
9999,0,0,0,0,2023,9
9999,1062227.017,109980,0.017156367,-0.059413138,2023,9
73,1029947,51396,0.008017536,0.3878058,2023,9
73,0,0,0,0,2023,9
73,0,0,0,0,2023,9
60,8909240.383,585145,0.091279892,-0.04069715,2023,9
60,1662606.067,127556,0.447117794,-0.044080397,2023,9
60,663250.05,52278,0.459570652,-0.003962962,2023,9
58,6360.55,467,0.00410535,-0.402813299,2023,9
58,24740.4,1486,0.005208826,0.128321944,2023,9
58,147384.4167,7738,0.001207092,0.222239773,2023,9
56,388252.85,27355,0.24047506,2.47718317,2023,9
56,611290.4,43597,0.152819111,2.289843043,2023,9
56,6743987.383,440893,0.068777252,0.084503578,2023,9
54,0,0,0,0,2023,9
54,0,0,0,0,2023,9
54,0,0,0,0,2023,9
53,502740,40023,0.006243401,-0.123724657,2023,9
53,0,0,0,0,2023,9
53,0,0,0,0,2023,9
43,1846204,138204,0.02155918,0.08674011,2023,9
43,0,0,0,0,2023,9
43,0,0,0,0,2023,9
4,471699.7,33654,0.295848937,-0.118451383,2023,9
4,1535090.233,112646,0.394854269,-0.008415345,2023,9
4,5367579.133,419044,0.06536891,-0.084609066,2023,9
29,0,0,0,0,2023,9
29,502595.5167,39206,0.006115953,1.773878591,2023,9
29,0,0,0,0,2023,9
3,0,0,0,0,2023,9
3,54393138.68,4096285,0.639001362,0.050330834,2023,9
3,0,0,0,0,2023,9
1,7725416.55,482534,0.075273054,-0.302879878,2023,9
1,0,0,0,0,2023,9
1,0,0,0,0,2023,9
9999,0,0,0,0,2023,10
9999,789020.6333,87406,0.016667541,0.097486251,2023,10
9999,0,0,0,0,2023,10
73,951932,48397,0.009228874,0.501706591,2023,10
73,0,0,0,0,2023,10
73,0,0,0,0,2023,10
60,399593.7333,35100,0.391723584,-0.024864565,2023,10
60,997748.7167,85901,0.3773977,-0.032166839,2023,10
60,5029359.35,373111,0.071148923,0.022891702,2023,10
58,4524.933333,283,0.003158341,-0.459923664,2023,10
58,14415.73333,863,0.003791507,0.123697917,2023,10
58,75533.5,4710,0.000898155,0.318589026,2023,10
56,5465278.983,361946,0.069019858,0.273569835,2023,10
56,613501.9167,44766,0.196675073,3.619814241,2023,10
56,352071.0167,25993,0.290087496,3.752788444,2023,10
54,0,0,0,0,2023,10
54,0,0,0,0,2023,10
54,0,0,0,0,2023,10
53,0,0,0,0,2023,10
53,0,0,0,0,2023,10
53,478243,35769,0.006820828,-0.074277285,2023,10
43,1454822,113399,0.021624173,0.373667507,2023,10
43,0,0,0,0,2023,10
43,0,0,0,0,2023,10
4,405245.7667,28228,0.315030579,-0.032691385,2023,10
4,4363313.633,351212,0.06697298,0.011101003,2023,10
4,1331522.333,96084,0.422135721,0.067623725,2023,10
29,342493.8833,33398,0.006368699,2.49461128,2023,10
29,0,0,0,0,2023,10
29,0,0,0,0,2023,10
3,0,0,0,0,2023,10
3,44391516.08,3432248,0.654498926,0.28591189,2023,10
3,0,0,0,0,2023,10
1,0,0,0,0,2023,10
1,0,0,0,0,2023,10
1,6370078.783,402489,0.076751044,0.070688664,2023,10
9999,572067.6833,70351,0.017397904,0.019609264,2023,11
9999,0,0,0,0,2023,11
9999,0,0,0,0,2023,11
73,823633,43026,0.010640392,0.712682111,2023,11
73,0,0,0,0,2023,11
73,0,0,0,0,2023,11
60,615221.45,58638,0.347262197,0.050483698,2023,11
60,3112031,260089,0.064320386,0.061241227,2023,11
60,228557.65,22544,0.349151282,0.016411181,2023,11
58,45399.85,2948,0.000729045,0.276743179,2023,11
58,7600.416667,506,0.002996601,-0.112280702,2023,11
58,1551.5,146,0.002261182,-0.422924901,2023,11
56,4034851.817,281913,0.069717493,0.221158553,2023,11
56,528855.6833,40748,0.241315188,3.462111257,2023,11
56,318208.4167,24516,0.379692727,3.194354149,2023,11
54,0,0,0,0,2023,11
54,0,0,0,0,2023,11
54,0,0,0,0,2023,11
53,0,0,0,0,2023,11
53,0,0,0,0,2023,11
53,330265,24407,0.006035886,-0.027880671,2023,11
43,0,0,0,0,2023,11
43,1081146,85499,0.021144026,0.179556868,2023,11
43,0,0,0,0,2023,11
4,4034830.6,322508,0.079756695,0.171452856,2023,11
4,922219.4667,68966,0.408426015,0.07139972,2023,11
4,235724.0667,17362,0.268894809,-0.10338773,2023,11
29,223449.9333,23885,0.005906795,2.631594952,2023,11
29,0,0,0,0,2023,11
29,0,0,0,0,2023,11
3,0,0,0,0,2023,11
3,32361482.38,2678072,0.66229108,0.150640977,2023,11
3,0,0,0,0,2023,11
1,3577441.85,250950,0.062060298,-0.127755417,2023,11
1,0,0,0,0,2023,11
1,0,0,0,0,2023,11
9999,454489.6667,60463,0.017630313,0.250579135,2023,12
9999,0,0,0,0,2023,12
9999,0,0,0,0,2023,12
73,0,0,0,0,2023,12
73,733670,40381,0.011774634,0.63505689,2023,12
73,0,0,0,0,2023,12
60,162022.9167,16402,0.31561123,0.216494845,2023,12
60,413730,42500,0.327053898,0.260379597,2023,12
60,1915766.367,177414,0.051731875,0.250962474,2023,12
58,24706.25,1895,0.00055256,0.772684752,2023,12
58,4475.25,337,0.002593345,0.271698113,2023,12
58,1051.616667,106,0.002039678,0.092783505,2023,12
56,464470.4167,38077,0.293017207,3.747163695,2023,12
56,288469.7,23985,0.46152514,3.629415171,2023,12
56,2757921.967,221020,0.064446881,0.353783206,2023,12
54,0,0,0,0,2023,12
54,0,0,0,0,2023,12
54,0,0,0,0,2023,12
53,0,0,0,0,2023,12
53,296144,19618,0.005720382,-0.414370578,2023,12
53,0,0,0,0,2023,12
43,0,0,0,0,2023,12
43,0,0,0,0,2023,12
43,795629,67677,0.019733832,0.432165908,2023,12
4,3666180.333,311504,0.090830972,0.377409884,2023,12
4,615995.6667,49034,0.37733555,-0.052775953,2023,12
4,139714.8,11476,0.220823953,-0.261043142,2023,12
29,0,0,0,0,2023,12
29,165639.4333,18004,0.005249759,3.655805534,2023,12
29,0,0,0,0,2023,12
3,0,0,0,0,2023,12
3,0,0,0,0,2023,12
3,25814243.58,2317169,0.675659741,0.418835892,2023,12
1,2672004.65,194346,0.056669051,0.234130915,2023,12
1,0,0,0,0,2023,12
1,0,0,0,0,2023,12
